Order,English,Deutsch,Gender,Type,Level,Unit,Example,Slug
1,on (days/times),am,null,preposition,A1,1,Wir treffen uns am Dienstag.,am
2,article,der Artikel,masculine,noun,A1,1,Ich lese einen interessanten Artikel online.,der Artikel
3,Goodbye!,Auf Wiedersehen!,null,phrase,A1,1,Auf Wiedersehen! Bis nächste Woche!,Auf Wiedersehen!
4,"from, out of",aus,null,preposition,A1,1,Ich komme aus der Schweiz.,aus
5,"machine, vending machine",der Automat,masculine,noun,A1,1,Der Automat nimmt keine Zehn-Euro-Scheine an.,der Automat
6,ATM,der Bankautomat,masculine,noun,A1,1,Wo ist der nächste Bankautomat hier bitte?,der Bankautomat
7,"picture, image",das Bild,neuter,noun,A1,1,Das ist ein schönes Bild.,das Bild
8,book,das Buch,neuter,noun,A1,1,Ich lese ein Buch.,das Buch
9,letter (of the alphabet),der Buchstabe,masculine,noun,A1,1,Wie viele Buchstaben hat das Wort?,der Buchstabe
10,to spell,buchstabieren,null,verb,A1,1,Können Sie bitte Ihren Namen buchstabieren?,buchstabieren
11,computer,der Computer,masculine,noun,A1,1,Ich brauche einen neuen Computer.,der Computer
12,German,deutsch,null,adjective,A1,1,Er ist ein deutscher Lehrer.,deutsch
13,Germany,Deutschland,null,noun,A1,1,Ich komme aus Deutschland.,Deutschland
14,Tuesday,der Dienstag,masculine,noun,A1,1,Am Dienstag habe ich frei.,der Dienstag
15,Thursday,der Donnerstag,masculine,noun,A1,1,Donnerstag ist unser Sporttag.,der Donnerstag
16,family,die Familie,feminine,noun,A1,1,Meine Familie ist klein.,die Familie
17,feminine,feminin,null,adjective,A1,1,Sie hat einen femininen Stil.,feminin
18,question,die Frage,feminine,noun,A1,1,Ich habe eine Frage.,die Frage
19,to ask,fragen,null,verb,A1,1,Ich frage den Lehrer.,fragen
20,Friday,der Freitag,masculine,noun,A1,1,Freitag ist der letzte Arbeitstag.,der Freitag
21,to believe,glauben,null,verb,A1,1,"Ich glaube, du schaffst das.",glauben
22,Good day!,Guten Tag!,null,phrase,A1,1,Guten Tag! Wie geht es Ihnen?,Guten Tag!
23,Hello!,Hallo!,null,phrase,A1,1,Hallo! Wie geht's dir?,Hallo!
24,"notebook, exercise book",das Heft,neuter,noun,A1,1,Schreibe es in dein Heft.,das Heft
25,to be called,heißen,null,verb,A1,1,Ich heiße Anna und komme aus Berlin.,heißen
26,conjugation,die Konjugation,feminine,noun,A1,1,Die Konjugation der Verben ist wichtig.,die Konjugation
27,ballpoint pen,der Kuli,masculine,noun,A1,1,Wo ist mein Kuli?,der Kuli
28,"easy, light",leicht,null,adjective,A1,1,Diese Übung ist sehr leicht.,leicht
29,to learn,lernen,null,verb,A1,1,Wir lernen jeden Tag Deutsch.,lernen
30,masculine,maskulin,null,adjective,A1,1,Das Wort „Mann“ ist maskulin.,maskulin
31,"person, human being",der Mensch,masculine,noun,A1,1,Jeder Mensch braucht Wasser.,der Mensch
32,Wednesday,der Mittwoch,masculine,noun,A1,1,Am Mittwoch habe ich frei.,der Mittwoch
33,Monday,der Montag,masculine,noun,A1,1,Der Montag ist der erste Wochentag.,der Montag
34,no,nein,null,adverb,A1,1,"Nein, das ist leider nicht die richtige Antwort.",nein
35,neuter,neutral,null,adjective,A1,1,Das Wort „Kind“ ist neutral.,neutral
36,"still, yet",noch,null,adverb,A1,1,Ich wohne noch bei meinen Eltern in München.,noch
37,noun,das Nomen,neuter,noun,A1,1,Ein Nomen hat immer einen Artikel.,das Nomen
38,paper,das Papier,neuter,noun,A1,1,Ich brauche ein Blatt Papier.,das Papier
39,person,die Person,feminine,noun,A1,1,Er ist eine nette Person.,die Person
40,radio,das Radio,neuter,noun,A1,1,Das Radio spielt meine Lieblingsmusik.,das Radio
41,Saturday,der Samstag,masculine,noun,A1,1,Am Samstag habe ich frei.,der Samstag
42,sentence,der Satz,masculine,noun,A1,1,Bitte bilden Sie einen Satz.,der Satz
43,to write,schreiben,null,verb,A1,1,Ich schreibe einen Brief.,schreiben
44,Sunday,der Sonntag,masculine,noun,A1,1,Am Sonntag schlafe ich lange.,der Sonntag
45,to speak,sprechen,null,verb,A1,1,Ich spreche Deutsch.,sprechen
46,"pen, pencil",der Stift,masculine,noun,A1,1,Hast du einen Stift für mich?,der Stift
47,"super, great",super,null,adjective,A1,1,Dein neues Hemd sieht super aus!,super
48,blackboard,die Tafel,feminine,noun,A1,1,Der Lehrer schreibt an die Tafel.,die Tafel
49,bag,die Tasche,feminine,noun,A1,1,Meine Tasche ist sehr schwer.,die Tasche
50,"clock, watch",die Uhr,feminine,noun,A1,1,Meine Uhr geht fünf Minuten vor.,die Uhr
51,verb,das Verb,neuter,noun,A1,1,Ich lerne ein neues deutsches Verb heute.,das Verb
52,late morning,der Vormittag,masculine,noun,A1,1,Am Vormittag habe ich Zeit.,der Vormittag
53,when,wann,null,adverb,A1,1,Wann fährt der nächste Zug nach Berlin ab?,wann
54,who,wer,null,adverb,A1,1,Wer ist der nette Mann dort drüben an der Tür?,wer
55,how,wie,null,adverb,A1,1,Wie lange dauert die Fahrt zum Flughafen von hier?,wie
56,welcome,willkommen,null,adjective,A1,1,Herzlich willkommen in unserem neuen Haus!,willkommen
57,where from,woher,null,adverb,A1,1,Woher kommen Sie?,woher
58,word order,die Wortstellung,feminine,noun,A1,1,Die deutsche Wortstellung ist manchmal schwierig.,die Wortstellung
59,alone,allein,null,adjective,A1,2,Sie ist heute allein.,allein
60,answer,die Antwort,feminine,noun,A1,2,Ich warte auf deine Antwort.,die Antwort
61,to work,arbeiten,null,verb,A1,2,Ich arbeite in einem Büro.,arbeiten
62,architect (male),der Architekt,masculine,noun,A1,2,Der Architekt plant ein modernes Haus.,der Architekt
63,architect (female),die Architektin,feminine,noun,A1,2,Sie ist eine gute Architektin.,die Architektin
64,"also, too",auch,null,adverb,A1,2,Ich komme auch aus Deutschland.,auch
65,"abroad, foreign country",das Ausland,neuter,noun,A1,2,Er arbeitet im Ausland.,das Ausland
66,brother,der Bruder,masculine,noun,A1,2,Mein Bruder spielt gern Fußball im Park.,der Bruder
67,cousin (male),der Cousin,masculine,noun,A1,2,Mein Cousin wohnt in Hamburg.,der Cousin
68,cousin (female),die Cousine,feminine,noun,A1,2,Meine Cousine ist sehr nett.,die Cousine
69,then,dann,null,adverb,A1,2,"Zuerst essen wir, dann gehen wir nach Hause.",dann
70,your (informal),dein,null,phrase,A1,2,Ist das dein neues Buch?,dein
71,designer (male),der Designer,masculine,noun,A1,2,Der Designer entwirft schöne Kleidung.,der Designer
72,designer (female),die Designerin,feminine,noun,A1,2,Sie ist eine gute Designerin.,die Designerin
73,"yes (contradicting), but",doch,null,adverb,A1,2,"Du bist nicht müde? Doch, ich bin müde!",doch
74,thirty,dreißig,null,phrase,A1,2,Ich bin dreißig Jahre alt.,dreißig
75,one,eins / ein,null,phrase,A1,2,"Ich nehme ein Bier, bitte.",eins / ein
76,only child,das Einzelkind,neuter,noun,A1,2,Ich bin ein Einzelkind.,das Einzelkind
77,parents,die Eltern,feminine,noun,A1,2,Meine Eltern sind zu Hause.,die Eltern
78,your (plural informal),euer,null,phrase,A1,2,Ist das euer Auto?,euer
79,photo,das Foto,neuter,noun,A1,2,Ich mache ein Foto.,das Foto
80,photographer,der Fotograf,masculine,noun,A1,2,Der Fotograf macht schöne Fotos.,der Fotograf
81,woman,die Frau,feminine,noun,A1,2,Die Frau liest ein Buch.,die Frau
82,friend,der Freund,masculine,noun,A1,2,Das ist mein bester Freund.,der Freund
83,friend (female),die Freundin,feminine,noun,A1,2,Meine Freundin heißt Anna.,die Freundin
84,to play football,Fußball (spielen),null,phrase,A1,2,Wir spielen gern Fußball.,Fußball (spielen)
85,"gladly, with pleasure",gern,null,adverb,A1,2,Ich esse gern Pizza.,gern
86,divorced,geschieden,null,adjective,A1,2,Sie ist leider schon geschieden.,geschieden
87,siblings,die Geschwister,feminine,noun,A1,2,Ich habe zwei Geschwister.,die Geschwister
88,grandparents,die Großeltern,feminine,noun,A1,2,Meine Großeltern wohnen hier.,die Großeltern
89,grandmother,die Großmutter,feminine,noun,A1,2,Meine Großmutter backt Kuchen.,die Großmutter
90,grandfather,der Großvater,masculine,noun,A1,2,Mein Großvater erzählt Geschichten.,der Großvater
91,good,gut,null,adjective,A1,2,Dieses Essen ist sehr gut.,gut
92,to hear,hören,null,verb,A1,2,Hörst du die laute Musik?,hören
93,hundred,hundert,null,phrase,A1,2,Das Buch kostet hundert Euro.,hundert
94,their,ihr (Pl.),null,phrase,A1,2,Das sind ihre Kinder.,ihr (Pl.)
95,IT specialist (male),der Informatiker,masculine,noun,A1,2,Mein Bruder ist Informatiker.,der Informatiker
96,IT specialist (female),die Informatikerin,feminine,noun,A1,2,Sie ist eine gute Informatikerin.,die Informatikerin
97,engineer (male),der Ingenieur,masculine,noun,A1,2,Mein Vater ist Ingenieur.,der Ingenieur
98,engineer (female),die Ingenieurin,feminine,noun,A1,2,Meine Schwester ist Ingenieurin.,die Ingenieurin
99,international,international,null,adjective,A1,2,Die Firma ist international.,international
100,yes,ja,null,adverb,A1,2,"Ja, das stimmt.",ja
101,now,jetzt,null,adverb,A1,2,Ich gehe jetzt nach Hause.,jetzt
102,child,das Kind,neuter,noun,A1,2,Das Kind spielt im Garten.,das Kind
103,small,klein,null,adjective,A1,2,Meine Katze ist sehr klein.,klein
104,"cook, chef (male)",der Koch,masculine,noun,A1,2,Der Koch macht gutes Essen.,der Koch
105,to cook,kochen,null,verb,A1,2,Ich koche heute Abend Suppe.,kochen
106,"cook, chef (female)",die Köchin,feminine,noun,A1,2,Die Köchin macht gutes Essen.,die Köchin
107,colleague (male),der Kollege,masculine,noun,A1,2,Mein Kollege kommt aus Berlin.,der Kollege
108,colleague (female),die Kollegin,feminine,noun,A1,2,Das ist meine neue Kollegin.,die Kollegin
109,"country, land",das Land,neuter,noun,A1,2,Deutschland ist ein schönes Land.,das Land
110,life,das Leben,neuter,noun,A1,2,Mein Leben ist sehr schön.,das Leben
111,single (unmarried),ledig,null,adjective,A1,2,Bist du verheiratet oder ledig?,ledig
112,teacher,der Lehrer,masculine,noun,A1,2,Der Lehrer erklärt die Aufgabe.,der Lehrer
113,love,die Liebe,feminine,noun,A1,2,Die Liebe ist ein schönes Gefühl.,die Liebe
114,favorite topic,das Lieblingsthema,neuter,noun,A1,2,Politik ist nicht mein Lieblingsthema.,das Lieblingsthema
115,mom,das Mam,neuter,noun,A1,2,Meine Mam kocht heute Spaghetti.,das Mam
116,one (impersonal pronoun),man,null,pronoun,A1,2,Hier spricht man Englisch.,man
117,manager (male),der Manager,masculine,noun,A1,2,Der Manager leitet das Team.,der Manager
118,manager (female),die Managerin,feminine,noun,A1,2,Unsere Managerin ist sehr nett.,die Managerin
119,man,der Mann,masculine,noun,A1,2,Der Mann liest ein Buch.,der Mann
120,my,mein,null,phrase,A1,2,Das ist mein Auto.,mein
121,to mean/think,meinen,null,verb,A1,2,Was meinst du zu diesem Thema?,meinen
122,musician (male),der Musiker,masculine,noun,A1,2,Mein Bruder ist Musiker.,der Musiker
123,musician (female),die Musikerin,feminine,noun,A1,2,Sie ist eine bekannte Musikerin.,die Musikerin
124,mother,die Mutter,feminine,noun,A1,2,Meine Mutter wohnt in Berlin.,die Mutter
125,not,nicht,null,adverb,A1,2,Ich verstehe diese komplizierte Aufgabe leider nicht.,nicht
126,the Netherlands,die Niederlande,feminine,noun,A1,2,Sie reisen in die Niederlande.,die Niederlande
127,zero,null,null,phrase,A1,2,Die Temperatur ist null Grad.,null
128,opera,die Oper,feminine,noun,A1,2,Gehen wir heute Abend in die Oper?,die Oper
129,Austria,Österreich,null,noun,A1,2,Ich fahre diesen Sommer nach Österreich.,Österreich
130,partner,der Partner,masculine,noun,A1,2,"Das ist mein Partner, Julian.",der Partner
131,plural,der Plural,masculine,noun,A1,2,Was ist der Plural von „Buch“?,der Plural
132,puzzle,das Puzzle,neuter,noun,A1,2,Wir machen ein großes Puzzle zusammen.,das Puzzle
133,ship,das Schiff,neuter,noun,A1,2,Das große Schiff fährt auf dem Meer.,das Schiff
134,beautiful,schön,null,adjective,A1,2,Der Park ist im Frühling sehr schön.,schön
135,sister,die Schwester,feminine,noun,A1,2,Das ist meine ältere Schwester.,die Schwester
136,to swim,schwimmen,null,verb,A1,2,Ich schwimme gern im See.,schwimmen
137,very,sehr,null,adverb,A1,2,Das Wetter ist heute sehr schön und warm in Berlin.,sehr
138,to be,sein,null,verb,A1,2,Ich bin müde.,sein
139,"independent, self-employed",selbständig,null,adjective,A1,2,Meine Schwester ist sehr selbständig im Leben.,selbständig
140,singular,der Singular,masculine,noun,A1,2,Was ist der Singular von „Häuser“?,der Singular
141,son,der Sohn,masculine,noun,A1,2,Mein Sohn ist fünf Jahre alt.,der Sohn
142,to play,spielen,null,verb,A1,2,Er spielt Fußball.,spielen
143,flight attendant (male),der Steward,masculine,noun,A1,2,Der Steward bringt uns Getränke.,der Steward
144,flight attendant (female),die Stewardess,feminine,noun,A1,2,Die Stewardess ist sehr freundlich.,die Stewardess
145,day,der Tag,masculine,noun,A1,2,Guten Tag! Wie geht es Ihnen?,der Tag
146,dance,der Tanz,masculine,noun,A1,2,Wir lieben den Tanz sehr.,der Tanz
147,to dance,tanzen,null,verb,A1,2,Wir tanzen gerne am Wochenende.,tanzen
148,to play tennis,Tennis (spielen),null,phrase,A1,2,Ich spiele gern Tennis am Samstag.,Tennis (spielen)
149,"topic, subject",das Thema,neuter,noun,A1,2,Das ist ein sehr interessantes Thema.,das Thema
150,daughter,die Tochter,feminine,noun,A1,2,Meine Tochter ist noch klein.,die Tochter
151,"great, awesome",toll,null,adjective,A1,2,Das Konzert war gestern wirklich toll.,toll
152,Turkey,die Türkei,feminine,noun,A1,2,Wir fliegen in die Türkei.,die Türkei
153,Ukraine,die Ukraine,feminine,noun,A1,2,Die Ukraine ist ein Land in Osteuropa.,die Ukraine
154,our,unser,null,phrase,A1,2,Das ist unser Haus hier.,unser
155,father,der Vater,masculine,noun,A1,2,Mein Vater arbeitet sehr viel.,der Vater
156,married,verheiratet,null,adjective,A1,2,Sind Sie verheiratet oder ledig?,verheiratet
157,because,weil,null,conjunction,A1,2,"Ich bleibe zu Hause, weil ich müde bin.",weil
158,week,die Woche,feminine,noun,A1,2,Ich arbeite fünf Tage pro Woche.,die Woche
159,number,die Zahl,feminine,noun,A1,2,Welche Zahl ist deine Lieblingszahl?,die Zahl
160,to draw,zeichnen,null,verb,A1,2,Sie zeichnet sehr schöne Bilder.,zeichnen
161,twenty,zwanzig,null,phrase,A1,2,Meine Schwester ist zwanzig Jahre alt.,zwanzig
162,evening,der Abend,masculine,noun,A1,3,"Guten Abend, wie geht es Ihnen heute?",der Abend
163,apple,der Apfel,masculine,noun,A1,3,Ich esse jeden Tag einen Apfel.,der Apfel
164,to order,bestellen,null,verb,A1,3,Ich möchte einen Kaffee bestellen.,bestellen
165,beer,das Bier,neuter,noun,A1,3,Möchten Sie ein Bier?,das Bier
166,organic,bio,null,adjective,A1,3,Ich kaufe gern Bio-Gemüse.,bio
167,bread,das Brot,neuter,noun,A1,3,Ich esse gern Brot.,das Brot
168,butter,die Butter,feminine,noun,A1,3,Ich mag Butter auf dem Brot.,die Butter
169,thirst,der Durst,masculine,noun,A1,3,Ich habe großen Durst.,der Durst
170,to be thirsty,Durst haben,null,phrase,A1,3,Ich habe Durst.,Durst haben
171,egg,das Ei,neuter,noun,A1,3,Ich esse ein Ei zum Frühstück.,das Ei
172,a/an (indefinite article),ein / eine / einen,null,phrase,A1,3,Ich habe einen Hund.,ein / eine / einen
173,to eat,essen,null,verb,A1,3,Ich esse einen Apfel.,essen
174,fish,der Fisch,masculine,noun,A1,3,Ich esse gerne Fisch zum Abendessen.,der Fisch
175,meat,das Fleisch,neuter,noun,A1,3,Ich esse kein Fleisch.,das Fleisch
176,vegetables,das Gemüse,neuter,noun,A1,3,Ich esse viel Gemüse.,das Gemüse
177,open (of a shop/restaurant),geöffnet,null,adjective,A1,3,Der Laden ist jetzt geöffnet.,geöffnet
178,closed,geschlossen,null,adjective,A1,3,Die Bank ist heute geschlossen.,geschlossen
179,"drink, beverage",das Getränk,neuter,noun,A1,3,Möchtest du ein kaltes Getränk?,das Getränk
180,separately (paying),getrennt,null,adverb,A1,3,Wir möchten bitte getrennt zahlen.,getrennt
181,main course,die Hauptspeise,feminine,noun,A1,3,Die Hauptspeise ist sehr lecker.,die Hauptspeise
182,hunger,der Hunger,masculine,noun,A1,3,Ich habe großen Hunger.,der Hunger
183,to be hungry,Hunger haben,null,phrase,A1,3,Ich habe Hunger. Lass uns essen!,Hunger haben
184,potato,die Kartoffel,feminine,noun,A1,3,Ich esse gerne Kartoffeln.,die Kartoffel
185,cheese,der Käse,masculine,noun,A1,3,Ich esse gern Käse.,der Käse
186,to buy,kaufen,null,verb,A1,3,Ich kaufe Brot im Supermarkt.,kaufen
187,"no, not a",kein / keine,null,adjective,A1,3,Ich habe kein Geld.,kein / keine
188,"delicious, tasty",lecker,null,adjective,A1,3,Das Abendessen ist sehr lecker.,lecker
189,to read,lesen,null,verb,A1,3,Ich lese gern interessante Bücher.,lesen
190,set menu / menu,das Menü,neuter,noun,A1,3,Wir bestellen das Tagesmenü.,das Menü
191,minute,die Minute,feminine,noun,A1,3,Warte bitte eine Minute hier.,die Minute
192,"noon, midday",der Mittag,masculine,noun,A1,3,Wir essen zu Mittag.,der Mittag
193,"at midday, at lunchtime",mittags,null,adverb,A1,3,Wir essen mittags immer zusammen in der Kantine.,mittags
194,to like (general preference),mögen,null,verb,A1,3,Ich mag Pizza mit viel Käse.,mögen
195,morning,der Morgen,masculine,noun,A1,3,Ich stehe jeden Morgen früh auf.,der Morgen
196,dessert,der Nachtisch,masculine,noun,A1,3,Was gibt es zum Nachtisch?,der Nachtisch
197,to take,nehmen,null,verb,A1,3,Ich nehme oft den Bus zur Arbeit.,nehmen
198,not really (like),nicht so gern,null,phrase,A1,3,Ich esse nicht so gern Fisch.,nicht so gern
199,fruit,das Obst,neuter,noun,A1,3,Ich esse gern frisches Obst.,das Obst
200,pasta,die Pasta,feminine,noun,A1,3,Ich koche heute Abend Pasta.,die Pasta
201,pizza,die Pizza,feminine,noun,A1,3,Wir bestellen eine große Pizza.,die Pizza
202,juice,der Saft,masculine,noun,A1,3,Möchtest du Orangensaft oder Apfelsaft?,der Saft
203,salad / lettuce,der Salat,masculine,noun,A1,3,Ich esse gerne Salat zum Abendessen.,der Salat
204,schnitzel (breaded meat cutlet),das Schnitzel,neuter,noun,A1,3,Ich esse gern Wiener Schnitzel mit Pommes.,das Schnitzel
205,"dish, food item",die Speise,feminine,noun,A1,3,Das ist eine gute Speise.,die Speise
206,hour,die Stunde,feminine,noun,A1,3,Der Kurs dauert eine Stunde.,die Stunde
207,soup,die Suppe,feminine,noun,A1,3,Ich mag Gemüsesuppe sehr.,die Suppe
208,tea,der Tee,masculine,noun,A1,3,Ich trinke gern heißen Tee.,der Tee
209,tomato,die Tomate,feminine,noun,A1,3,Ich esse eine frische Tomate.,die Tomate
210,to meet,treffen,null,verb,A1,3,Ich treffe meine Freunde im Café.,treffen
211,to drink,trinken,null,verb,A1,3,Ich trinke Wasser jeden Tag.,trinken
212,time (clock time),die Uhrzeit,feminine,noun,A1,3,Ich frage nach der Uhrzeit.,die Uhrzeit
213,at (clock time),um,null,preposition,A1,3,Der Unterricht beginnt um neun Uhr.,um
214,from ... to,von ... bis,null,preposition,A1,3,Der Laden ist von neun bis achtzehn Uhr geöffnet.,von ... bis
215,water,das Wasser,neuter,noun,A1,3,Ich trinke gern kaltes Wasser im Sommer.,das Wasser
216,wine,der Wein,masculine,noun,A1,3,Ich trinke gern roten Wein.,der Wein
217,important,wichtig,null,adjective,A1,3,Diese Information ist sehr wichtig für uns.,wichtig
218,sausage / cold cuts,die Wurst,feminine,noun,A1,3,Ich esse gerne eine Wurst mit Brot.,die Wurst
219,together,zusammen,null,adverb,A1,3,Wir essen zusammen zu Abend.,zusammen
220,battery (device),der Akku,masculine,noun,A1,4,Der Akku von meinem Handy ist leer.,der Akku
221,"to get dressed, to put on",anziehen,null,verb,A1,4,Ich ziehe mir schnell die Jacke an.,anziehen
222,work,die Arbeit,feminine,noun,A1,4,Ich gehe jetzt zur Arbeit.,die Arbeit
223,to open,aufmachen,null,verb,A1,4,Kannst du das Fenster aufmachen?,aufmachen
224,to tidy up,aufräumen,null,verb,A1,4,Ich muss mein Zimmer aufräumen.,aufräumen
225,to get up,aufstehen,null,verb,A1,4,Ich stehe jeden Morgen um sechs Uhr auf.,aufstehen
226,meeting,die Besprechung,feminine,noun,A1,4,Wir haben eine wichtige Besprechung.,die Besprechung
227,office,das Büro,neuter,noun,A1,4,Ich arbeite im Büro.,das Büro
228,"boss, manager (male)",der Chef,masculine,noun,A1,4,Mein Chef ist sehr freundlich.,der Chef
229,"boss, manager (female)",die Chefin,feminine,noun,A1,4,Meine Chefin ist sehr nett.,die Chefin
230,to download,downloaden,null,verb,A1,4,Ich downloade die App.,downloaden
231,to go shopping,einkaufen,null,verb,A1,4,Ich kaufe heute ein.,einkaufen
232,"allowed, permitted",erlaubt,null,adjective,A1,4,Rauchen ist hier nicht erlaubt.,erlaubt
233,early,früh,null,adjective,A1,4,Der Bus kommt immer sehr früh.,früh
234,frustrated,frustriert,null,adjective,A1,4,Er ist momentan sehr frustriert.,frustriert
235,"to work, to function",funktionieren,null,verb,A1,4,Das Handy funktioniert.,funktionieren
236,house rules,die Hausordnung,feminine,noun,A1,4,Bitte lesen Sie die Hausordnung.,die Hausordnung
237,pet,das Haustier,neuter,noun,A1,4,Hast du ein Haustier?,das Haustier
238,to help,helfen,null,verb,A1,4,Kann ich Ihnen bitte helfen?,helfen
239,today,heute,null,adverb,A1,4,Heute ist Dienstag.,heute
240,always,immer,null,adverb,A1,4,Ich trinke immer Wasser.,immer
241,can/be able to,können,null,verb,A1,4,Ich kann Deutsch sprechen.,können
242,to charge / to load,laden,null,verb,A1,4,Er lädt die Taschen in den Kofferraum.,laden
243,laptop,das Laptop,neuter,noun,A1,4,Mein Laptop ist sehr schnell.,das Laptop
244,"loud, noisy",laut,null,adjective,A1,4,Die Musik ist zu laut.,laut
245,would like (polite request),möchten,null,verb,A1,4,"Ich möchte einen großen Kaffee, bitte.",möchten
246,tomorrow,morgen,null,adverb,A1,4,Ich habe morgen einen wichtigen Termin beim Arzt.,morgen
247,tired,müde,null,adjective,A1,4,Ich bin heute sehr müde.,müde
248,must/have to,müssen,null,verb,A1,4,Ich muss jetzt wirklich gehen.,müssen
249,nervous,nervös,null,adjective,A1,4,Bist du vor der Prüfung nervös?,nervös
250,"normally, usually",normalerweise,null,adverb,A1,4,Normalerweise stehe ich früh am Morgen um sechs Uhr auf.,normalerweise
251,to park,parken,null,verb,A1,4,Ich parke hier mein Auto nicht.,parken
252,password,das Passwort,neuter,noun,A1,4,Bitte gib dein Passwort ein.,das Passwort
253,problem,das Problem,neuter,noun,A1,4,Ich habe ein Problem mit meinem Computer.,das Problem
254,to smoke,rauchen,null,verb,A1,4,Er raucht keine Zigaretten mehr.,rauchen
255,rule,die Regel,feminine,noun,A1,4,Du musst dich an die Regel halten.,die Regel
256,sentence bracket (grammar term),die Satzklammer,feminine,noun,A1,4,Im Deutschen bildet das konjugierte Verb oft die erste Satzklammer.,die Satzklammer
257,late,spät,null,adjective,A1,4,Es ist schon sehr spät für mich.,spät
258,to surf (internet),surfen,null,verb,A1,4,Ich surfe oft im Internet.,surfen
259,tablet,das Tablet,neuter,noun,A1,4,Ich habe ein neues Tablet zum Lesen.,das Tablet
260,daily routine,der Tagesablauf,masculine,noun,A1,4,Mein Tagesablauf ist immer gleich.,der Tagesablauf
261,"forbidden, not allowed",verboten,null,adjective,A1,4,Parken ist hier streng verboten.,verboten
262,"laundry, washing",die Wäsche,feminine,noun,A1,4,Ich hänge die nasse Wäsche auf.,die Wäsche
263,to wash,waschen,null,verb,A1,4,Ich wasche meine Hände oft.,waschen
264,WiFi connection,die WLAN-Verbindung,feminine,noun,A1,4,Die WLAN-Verbindung ist sehr langsam hier.,die WLAN-Verbindung
265,to want,wollen,null,verb,A1,4,Ich will ein Eis essen.,wollen
266,angry,wütend,null,adjective,A1,4,Warum bist du so wütend heute?,wütend
267,"content, satisfied",zufrieden,null,adjective,A1,4,Bist du mit der Arbeit zufrieden?,zufrieden
268,to close,zumachen,null,verb,A1,4,Machst du bitte das Fenster zu?,zumachen
269,to turn (direction),abbiegen,null,verb,A1,5,Ich biege an der nächsten Ampel links ab.,abbiegen
270,bank,die Bank,feminine,noun,A1,5,Ich gehe heute zur Bank.,die Bank
271,bed,das Bett,neuter,noun,A1,5,Ich gehe jetzt ins Bett.,das Bett
272,library,die Bibliothek,feminine,noun,A1,5,Ich lerne am liebsten in der Bibliothek.,die Bibliothek
273,to need,brauchen,null,verb,A1,5,Ich brauche deine Hilfe jetzt.,brauchen
274,café,das Café,neuter,noun,A1,5,Wir gehen ins Café.,das Café
275,because (coord. conjunction),denn,null,conjunction,A1,5,"Ich bleibe zu Hause, denn ich bin müde.",denn
276,"you (accusative, informal)",dich,null,adverb,A1,5,Ich sehe dich im Park.,dich
277,there,dort,null,adverb,A1,5,Das Auto steht dort.,dort
278,corner,die Ecke,feminine,noun,A1,5,Das Buch liegt in der Ecke.,die Ecke
279,along,entlang,null,preposition,A1,5,Gehen Sie diese Straße entlang.,entlang
280,it,es,null,pronoun,A1,5,Es ist kalt heute.,es
281,window,das Fenster,neuter,noun,A1,5,Das Fenster ist offen.,das Fenster
282,to find,finden,null,verb,A1,5,Ich finde den Schlüssel.,finden
283,for,für,null,preposition,A1,5,Dieses Geschenk ist für dich.,für
284,"opposite, across from",gegenüber,null,preposition,A1,5,Die Post ist gegenüber dem Park.,gegenüber
285,straight ahead,geradeaus,null,adverb,A1,5,Gehen Sie geradeaus bis zur Post.,geradeaus
286,"gift, present",das Geschenk,neuter,noun,A1,5,Ich habe ein Geschenk für dich.,das Geschenk
287,here,hier,null,adverb,A1,5,Komm bitte hierher.,hier
288,him (accusative),ihn,null,adverb,A1,5,Ich sehe ihn jeden Tag.,ihn
289,"nearby, in the vicinity",in der Nähe,null,phrase,A1,5,Der Park ist in der Nähe.,in der Nähe
290,hospital,das Krankenhaus,neuter,noun,A1,5,Er arbeitet im Krankenhaus.,das Krankenhaus
291,to lie (position),liegen,null,verb,A1,5,Das Buch liegt auf dem Tisch.,liegen
292,left,links,null,adverb,A1,5,Gehen Sie hier links.,links
293,me (accusative),mich,null,adverb,A1,5,Er sieht mich oft in der Stadt.,mich
294,not far,nicht weit,null,phrase,A1,5,Das Kino ist nicht weit von hier.,nicht weit
295,park,der Park,masculine,noun,A1,5,Ich gehe gern in den Park.,der Park
296,"square, plaza",der Platz,masculine,noun,A1,5,Wir treffen uns am Platz.,der Platz
297,post office,die Post,feminine,noun,A1,5,Ich gehe jetzt zur Post.,die Post
298,city hall,das Rathaus,neuter,noun,A1,5,Das Rathaus ist im Zentrum der Stadt.,das Rathaus
299,right,rechts,null,adverb,A1,5,Nach der Ampel müssen Sie rechts in die Hauptstraße fahren.,rechts
300,she,sie,null,pronoun,A1,5,Sie ist meine neue Kollegin.,sie
301,city map,der Stadtplan,masculine,noun,A1,5,Haben Sie einen Stadtplan für Berlin?,der Stadtplan
302,street,die Straße,feminine,noun,A1,5,Das Auto fährt auf der Straße.,die Straße
303,chair,der Stuhl,masculine,noun,A1,5,Nimm bitte auf diesem Stuhl Platz.,der Stuhl
304,to search,suchen,null,verb,A1,5,Ich suche meinen Schlüssel.,suchen
305,supermarket,der Supermarkt,masculine,noun,A1,5,Ich gehe zum Supermarkt einkaufen.,der Supermarkt
306,table,der Tisch,masculine,noun,A1,5,Der Tisch ist wirklich groß.,der Tisch
307,door,die Tür,feminine,noun,A1,5,Mach bitte die Tür zu.,die Tür
308,to know (fact),wissen,null,verb,A1,5,Ich weiß die Antwort nicht.,wissen
309,where (location),wo,null,adverb,A1,5,Wo ist die nächste Bushaltestelle hier bitte schön?,wo
310,eye,das Auge,neuter,noun,A1,6,Das Baby hat große Augen.,das Auge
311,better,besser,null,adjective,A1,6,Mir geht es heute besser.,besser
312,blue,blau,null,adjective,A1,6,Der Himmel ist heute blau.,blau
313,brown,braun,null,adjective,A1,6,Ihre Augen sind sehr braun.,braun
314,doctor (informal title),der Doktor,masculine,noun,A1,6,Ich gehe zum Doktor.,der Doktor
315,"a/an (dative, masc./neut.)",einem,null,adverb,A1,6,Ich helfe einem Mann.,einem
316,having a cold,erkältet,null,adjective,A1,6,Meine Kollegin ist heute erkältet.,erkältet
317,the first (ordinal),erste,null,phrase,A1,6,Heute ist der erste Mai.,erste
318,yellow,gelb,null,adjective,A1,6,Die Sonne ist heute sehr gelb.,gelb
319,yesterday,gestern,null,adverb,A1,6,Ich war gestern im Kino.,gestern
320,grey,grau,null,adjective,A1,6,Der Himmel ist heute grau.,grau
321,green,grün,null,adjective,A1,6,Der Apfel ist grün.,grün
322,hand,die Hand,feminine,noun,A1,6,Sie hält ihre Hand in den warmen Regen.,die Hand
323,cough,der Husten,masculine,noun,A1,6,Ich habe starken Husten.,der Husten
324,"no (dative, masc./neut.)",keinem,null,adverb,A1,6,Ich helfe keinem Freund.,keinem
325,head,der Kopf,masculine,noun,A1,6,Mein Kopf tut weh.,der Kopf
326,headache,Kopfschmerzen (Pl.),null,noun,A1,6,Ich habe starke Kopfschmerzen heute.,Kopfschmerzen (Pl.)
327,last week,letzte Woche,null,phrase,A1,6,Letzte Woche war ich krank.,letzte Woche
328,last month,letzten Monat,null,phrase,A1,6,Letzten Monat war es sehr kalt.,letzten Monat
329,purple / lilac,lila,null,adjective,A1,6,Ihre neue Bluse ist lila.,lila
330,"my (dative, masc./neut.)",meinem,null,adverb,A1,6,Ich helfe meinem kleinen Bruder sehr gerne.,meinem
331,orange,orange,null,adjective,A1,6,Der Ball ist orange.,orange
332,doctor's office / practice,die Praxis,feminine,noun,A1,6,Die Praxis öffnet um neun Uhr.,die Praxis
333,red,rot,null,adjective,A1,6,Die Rose ist rot.,rot
334,"rest, quiet",die Ruhe,feminine,noun,A1,6,Ich brauche etwas Ruhe.,die Ruhe
335,"bad, terrible",schlimm,null,adjective,A1,6,Die Situation ist wirklich schlimm.,schlimm
336,pain,Schmerzen (Pl.),null,noun,A1,6,Ich habe starke Schmerzen im Bein.,Schmerzen (Pl.)
337,black,schwarz,null,adjective,A1,6,Ihr neues Fahrrad ist schwarz und modern.,schwarz
338,bandage,der Verband,masculine,noun,A1,6,Er braucht einen neuen Verband.,der Verband
339,"from, of (+ dative)",von + Dativ,null,preposition,A1,6,Das Auto ist von meinem Vater.,von + Dativ
340,the day before yesterday,vorgestern,null,adverb,A1,6,Vorgestern war ein sehr regnerischer Tag mit viel Wind.,vorgestern
341,white,weiß,null,adjective,A1,6,Der Schnee ist im Winter sehr weiß.,weiß
342,tooth,der Zahn,masculine,noun,A1,6,Mein Zahn tut heute weh.,der Zahn
343,old town,die Altstadt,feminine,noun,A1,7,Wir wohnen in der Altstadt.,die Altstadt
344,to the (lake/sea/river),an den,null,phrase,A1,7,Wir fahren an den See.,an den
345,to the (mountain),auf den,null,phrase,A1,7,Ich steige auf den Berg.,auf den
346,train station,der Bahnhof,masculine,noun,A1,7,"Ich gehe zum Bahnhof, um den Zug zu nehmen.",der Bahnhof
347,fantastic,fantastisch,null,adjective,A1,7,Das Essen ist wirklich fantastisch!,fantastisch
348,degree,der Grad,masculine,noun,A1,7,Es sind zwanzig Grad Celsius.,der Grad
349,to have,haben,null,verb,A1,7,Ich habe heute keine Zeit.,haben
350,to the (feminine countries),in die,null,phrase,A1,7,Ich fliege in die Schweiz.,in die
351,into the,ins,null,phrase,A1,7,Wir gehen jetzt ins Kino.,ins
352,coffee,der Kaffee,masculine,noun,A1,7,Ich trinke gern Kaffee.,der Kaffee
353,cool,kühl,null,adjective,A1,7,Es ist heute kühl draußen.,kühl
354,"kind regards, love from",liebe Grüße,null,phrase,A1,7,Liebe Grüße aus Berlin!,liebe Grüße
355,"to (cities, most countries)",nach,null,preposition,A1,7,Wir fahren heute nach Berlin.,nach
356,night,die Nacht,feminine,noun,A1,7,Wir schlafen gut in der Nacht.,die Nacht
357,to reserve,reservieren,null,verb,A1,7,Ich reserviere einen Tisch für zwei Personen.,reservieren
358,"reception, front desk",die Rezeption,feminine,noun,A1,7,Wo ist die Rezeption?,die Rezeption
359,"castle, palace",das Schloss,neuter,noun,A1,7,Das alte Schloss ist ein Museum.,das Schloss
360,key,der Schlüssel,masculine,noun,A1,7,Ich suche meinen Schlüssel.,der Schlüssel
361,sun,die Sonne,feminine,noun,A1,7,Die Sonne scheint heute sehr hell.,die Sonne
362,many greetings from,viele Grüße,null,phrase,A1,7,Viele Grüße aus Deutschland!,viele Grüße
363,"wonderful, gorgeous",wunderschön,null,adjective,A1,7,Der Garten sieht im Sommer wunderschön aus.,wunderschön
364,train,der Zug,masculine,noun,A1,7,Der Zug fährt sehr schnell.,der Zug
365,to wake up,aufwachen,null,verb,A1,8,Ich wache immer um sieben Uhr auf.,aufwachen
366,to stay/remain,bleiben,null,verb,A1,8,Ich bleibe heute Abend zu Hause.,bleiben
367,this (demonstrative article),dieser,null,adjective,A1,8,Dieser Tisch ist wirklich groß.,dieser
368,"you (dative, informal)",dir,null,adverb,A1,8,Wie geht es dir?,dir
369,to fall asleep,einschlafen,null,verb,A1,8,Ich schlafe schnell ein.,einschlafen
370,you all (accusative),euch,null,adverb,A1,8,Ich sehe euch alle.,euch
371,to drive/travel,fahren,null,verb,A1,8,Ich fahre nach Berlin.,fahren
372,"film, movie",der Film,masculine,noun,A1,8,Wir sehen heute Abend einen Film.,der Film
373,to fly,fliegen,null,verb,A1,8,Der Vogel fliegt hoch.,fliegen
374,to please/like,gefallen,null,verb,A1,8,Das Haus gefällt mir.,gefallen
375,to go/walk,gehen,null,verb,A1,8,Ich gehe nach Hause.,gehen
376,gloves (plural),die Handschuhe,feminine,noun,A1,8,Ich trage warme Handschuhe.,die Handschuhe
377,him (dative),ihm,null,adverb,A1,8,Ich gebe ihm einen Apfel.,ihm
378,them (dative),ihnen,null,adverb,A1,8,Ich gebe ihnen das Geld.,ihnen
379,you (plural),ihr,null,pronoun,A1,8,Was macht ihr am Wochenende?,ihr
380,Carnival / Mardi Gras,der Karneval,masculine,noun,A1,8,Ich mag Karneval sehr.,der Karneval
381,to come,kommen,null,verb,A1,8,Ich komme heute Abend nach Hause.,kommen
382,to run,laufen,null,verb,A1,8,Ich laufe jeden Morgen im Park.,laufen
383,me (dative),mir,null,adverb,A1,8,Meine Mutter gibt mir einen Apfel.,mir
384,"hat, woolly hat",die Mütze,feminine,noun,A1,8,Er trägt eine warme Mütze.,die Mütze
385,news (always plural),die Nachrichten,feminine,noun,A1,8,Ich sehe die Nachrichten jeden Abend.,die Nachrichten
386,Oktoberfest,das Oktoberfest,neuter,noun,A1,8,Das Oktoberfest findet in München statt.,das Oktoberfest
387,online,online,null,adverb,A1,8,Ich kaufe meine Kleidung oft online bei diesem Shop ein.,online
388,to happen,passieren,null,verb,A1,8,Das passiert manchmal im Leben.,passieren
389,podcast,der Podcast,masculine,noun,A1,8,Ich höre jeden Morgen einen Podcast.,der Podcast
390,scarf,der Schal,masculine,noun,A1,8,Sie trägt einen warmen Schal.,der Schal
391,to taste (good/bad),schmecken,null,verb,A1,8,Das Essen schmeckt mir sehr gut.,schmecken
392,already,schon,null,adverb,A1,8,Es ist schon zehn Uhr am Abend und ich bin müde.,schon
393,TV series,die Serie,feminine,noun,A1,8,Ich mag diese neue Serie sehr.,die Serie
394,to stand,stehen,null,verb,A1,8,Ich stehe am Fenster.,stehen
395,us (accusative),uns,null,adverb,A1,8,Unsere Freunde besuchen uns nächstes Wochenende in Köln.,uns
396,why,warum,null,adverb,A1,8,Warum lernst du Deutsch für deinen neuen Job?,warum
397,Christmas market,der Weihnachtsmarkt,masculine,noun,A1,8,Wir gehen zum Weihnachtsmarkt heute.,der Weihnachtsmarkt
398,which (question word for nouns),welcher,null,adjective,A1,8,Welcher Zug fährt nach Berlin?,welcher
399,magazine,die Zeitschrift,feminine,noun,A1,8,Ich lese eine interessante Zeitschrift.,die Zeitschrift
400,newspaper,die Zeitung,feminine,noun,A1,8,Mein Vater liest jeden Morgen die Zeitung.,die Zeitung
401,abbreviation,die Abkürzung,feminine,noun,A2,9,Was bedeutet diese Abkürzung?,die Abkürzung
402,"cancellation, decline",die Absage,feminine,noun,A2,9,Ich habe eine Absage für das Treffen bekommen.,die Absage
403,"to cancel, decline",absagen,null,verb,A2,9,Ich muss unseren Termin absagen.,absagen
404,"to begin, to start",anfangen,null,verb,A2,9,Der Kurs fängt um neun Uhr an.,anfangen
405,to call (phone),anrufen,null,verb,A2,9,Ich muss meine Mutter anrufen.,anrufen
406,"announcement, outgoing message",die Ansage,feminine,noun,A2,9,Ich habe die Ansage am Telefon nicht verstanden.,die Ansage
407,app,die App,feminine,noun,A2,9,Ich lade die neue App auf mein Handy herunter.,die App
408,"to stop, to cease",aufhören,null,verb,A2,9,Hör bitte auf zu reden!,aufhören
409,"to receive, to get",bekommen,null,verb,A2,9,Ich bekomme oft Post von dir.,bekommen
410,to insult,beleidigen,null,verb,A2,9,Man sollte niemals jemanden beleidigen.,beleidigen
411,to use,benutzen,null,verb,A2,9,Kann ich dein Handy benutzen?,benutzen
412,letter,der Brief,masculine,noun,A2,9,Ich schrieb einen Brief an meinen Freund.,der Brief
413,chat,der Chat,masculine,noun,A2,9,Ich habe gestern Abend im Chat geschrieben.,der Chat
414,to chat,chatten,null,verb,A2,9,Sie chatten jeden Abend mit Freunden.,chatten
415,cyberbullying,das Cybermobbing,neuter,noun,A2,9,Cybermobbing ist ein ernstes Problem für Jugendliche.,das Cybermobbing
416,that (conjunction),dass,null,conjunction,A2,9,"Ich hoffe, dass du kommst.",dass
417,to discuss,diskutieren,null,verb,A2,9,Sie diskutieren oft über Politik.,diskutieren
418,urgent,dringend,null,adjective,A2,9,Ich habe eine dringende Frage an dich.,dringend
419,email,die E-Mail,feminine,noun,A2,9,Ich habe heute eine wichtige E-Mail bekommen.,die E-Mail
420,to invite,einladen,null,verb,A2,9,Ich möchte dich zum Essen einladen.,einladen
421,to develop,entwickeln,null,verb,A2,9,Das Kind entwickelt sich gut.,entwickeln
422,to invent,erfinden,null,verb,A2,9,Wer hat das Telefon erfunden?,erfinden
423,invention,die Erfindung,feminine,noun,A2,9,Das Telefon war eine wichtige Erfindung.,die Erfindung
424,"celebration, party",die Feier,feminine,noun,A2,9,Wir gehen heute Abend zu einer Feier.,die Feier
425,to celebrate,feiern,null,verb,A2,9,Wir haben seinen Geburtstag gefeiert.,feiern
426,"celebration, party, festival",das Fest,neuter,noun,A2,9,Das Fest war sehr lustig.,das Fest
427,formal,formell,null,adjective,A2,9,Das war ein sehr formelles Treffen.,formell
428,"in the past, formerly",früher,null,adverb,A2,9,Früher wohnte ich in Berlin.,früher
429,history / story,die Geschichte,feminine,noun,A2,9,Ich lese gerne alte Geschichten vor dem Schlafengehen.,die Geschichte
430,mobile phone,das Handy,neuter,noun,A2,9,Ich habe mein Handy zu Hause vergessen.,das Handy
431,main clause,der Hauptsatz,masculine,noun,A2,9,Ein Hauptsatz kann alleine stehen.,der Hauptsatz
432,"heartfelt, warm",herzlich,null,adjective,A2,9,Wir senden Ihnen herzliche Grüße aus Berlin.,herzlich
433,nowadays,heutzutage,null,adverb,A2,9,Heutzutage ist alles teurer als früher.,heutzutage
434,to stay in contact,in Kontakt bleiben,null,phrase,A2,9,Lasst uns nach dem Kurs in Kontakt bleiben.,in Kontakt bleiben
435,indirect,indirekt,null,adjective,A2,9,Seine Antwort war sehr indirekt.,indirekt
436,informal,informell,null,adjective,A2,9,Die Besprechung war ziemlich informell.,informell
437,internet,das Internet,neuter,noun,A2,9,Das Internet funktioniert heute sehr langsam.,das Internet
438,century,das Jahrhundert,neuter,noun,A2,9,Diese Kirche wurde im 15. Jahrhundert gebaut.,das Jahrhundert
439,every day,jeden Tag,null,phrase,A2,9,Ich gehe jeden Tag spazieren.,jeden Tag
440,communication,die Kommunikation,feminine,noun,A2,9,Gute Kommunikation ist wichtig für ein Team.,die Kommunikation
441,voicemail / mailbox,die Mailbox,feminine,noun,A2,9,Sie haben eine Nachricht auf Ihrer Mailbox.,die Mailbox
442,sometimes,manchmal,null,adverb,A2,9,Manchmal regnet es im Sommer viel.,manchmal
443,to bring along,mitbringen,null,verb,A2,9,Soll ich etwas zum Essen mitbringen?,mitbringen
444,"to inform, communicate",mitteilen,null,verb,A2,9,Bitte teilen Sie mir das Datum mit.,mitteilen
445,message,die Nachricht,feminine,noun,A2,9,Ich habe eine wichtige Nachricht für dich.,die Nachricht
446,subordinate clause,der Nebensatz,masculine,noun,A2,9,Ein Nebensatz beginnt oft mit einer Konjunktion.,der Nebensatz
447,never,nie,null,adverb,A2,9,Er hat das noch nie gemacht.,nie
448,"whether, if",ob,null,conjunction,A2,9,"Ich frage mich, ob er kommt.",ob
449,often,oft,null,adverb,A2,9,Wir sehen uns oft am Wochenende.,oft
450,past participle,das Partizip II,neuter,noun,A2,9,Wir lernen heute das Partizip II der starken Verben.,das Partizip II
451,"since, for (time)",seit,null,preposition,A2,9,Ich lerne seit drei Monaten Deutsch.,seit
452,rarely,selten,null,adverb,A2,9,Sie geht selten ins Kino.,selten
453,smartphone,das Smartphone,neuter,noun,A2,9,Ich habe mein Smartphone verloren.,das Smartphone
454,"smiley, emoji",der Smiley,masculine,noun,A2,9,Er schickte mir einen lustigen Smiley.,der Smiley
455,text message,die SMS,feminine,noun,A2,9,Ich habe dir eine SMS geschickt.,die SMS
456,technology,die Technologie,feminine,noun,A2,9,Neue Technologie verändert unser Leben stark.,die Technologie
457,telephone,das Telefon,neuter,noun,A2,9,"Mein Telefon klingelt, aber ich habe keine Zeit.",das Telefon
458,separable (prefix),trennbar,null,adjective,A2,9,Das Verb 'anrufen' ist trennbar.,trennbar
459,approximately,ungefähr,null,adverb,A2,9,Das dauert ungefähr zehn Minuten.,ungefähr
460,"impolite, rude",unhöflich,null,adjective,A2,9,Das war sehr unhöflich von ihm.,unhöflich
461,inseparable (prefix),untrennbar,null,adjective,A2,9,Glück und Liebe sind untrennbar verbunden.,untrennbar
462,video,das Video,neuter,noun,A2,9,Hast du das neue Video schon gesehen?,das Video
463,to call back,zurückrufen,null,verb,A2,9,Ich rufe dich später zurück.,zurückrufen
464,acceptance (of an invitation),die Zusage,feminine,noun,A2,9,Wir warten noch auf die Zusage.,die Zusage
465,to accept (invitation),zusagen,null,verb,A2,9,Ich werde die Einladung zusagen.,zusagen
466,suit,der Anzug,masculine,noun,A2,10,Er kaufte einen neuen Anzug für die Hochzeit.,der Anzug
467,"to look, to appear",aussehen,null,verb,A2,10,Das Wetter sieht heute gut aus.,aussehen
468,appearance / looks,das Aussehen,neuter,noun,A2,10,Sein Aussehen war ihm sehr wichtig.,das Aussehen
469,blog,der Blog,masculine,noun,A2,10,Ich lese oft seinen Reise-Blog.,der Blog
470,blouse,die Bluse,feminine,noun,A2,10,Ich habe eine neue weiße Bluse gekauft.,die Bluse
471,to be in favour,dafür sein,null,phrase,A2,10,"Ich bin dafür, dass wir das Projekt bald starten.",dafür sein
472,to be against,dagegen sein,null,phrase,A2,10,"Er ist dagegen, am Sonntag lange zu arbeiten.",dagegen sein
473,demonstrative pronoun,das Demonstrativpronomen,neuter,noun,A2,10,Dieses Demonstrativpronomen zeigt auf den Mann.,das Demonstrativpronomen
474,energetic,energisch,null,adjective,A2,10,Sie hat energisch an dem Projekt gearbeitet.,energisch
475,tight / narrow,eng,null,adjective,A2,10,Diese Hose ist mir zu eng.,eng
476,first impression,erste Eindruck,masculine,phrase,A2,10,Der erste Eindruck ist oft sehr wichtig im Leben.,erste Eindruck
477,gladly → preferably → most,gern → lieber → am liebsten,null,phrase,A2,10,"Ich schwimme gern, aber ich tanze lieber.",gern → lieber → am liebsten
478,size,die Größe,feminine,noun,A2,10,Welche Größe hat dieses Hemd?,die Größe
479,good → better → best,gut → besser → am besten,null,phrase,A2,10,"Dein Kaffee ist gut, aber mein Tee ist besser.",gut → besser → am besten
480,handbag,die Handtasche,feminine,noun,A2,10,Sie hat ihre Schlüssel in der Handtasche vergessen.,die Handtasche
481,shirt,das Hemd,neuter,noun,A2,10,Er trug ein blaues Hemd zur Hose.,das Hemd
482,trousers / pants,die Hose,feminine,noun,A2,10,Ich brauche eine neue Hose für die Arbeit.,die Hose
483,pretty / good-looking,hübsch,null,adjective,A2,10,Das neue Kleid ist wirklich hübsch.,hübsch
484,hat,der Hut,masculine,noun,A2,10,Er setzte sich einen eleganten Hut auf.,der Hut
485,intelligent,intelligent,null,adjective,A2,10,Mein Hund ist sehr intelligent und lernt schnell.,intelligent
486,jacket,die Jacke,feminine,noun,A2,10,"Zieh deine Jacke an, es ist kalt draußen.",die Jacke
487,jeans,die Jeans,feminine,noun,A2,10,Ich trage am liebsten bequeme Jeans.,die Jeans
488,young,jung,null,adjective,A2,10,Meine Schwester ist noch sehr jung.,jung
489,dress,das Kleid,neuter,noun,A2,10,Sie hat ein schönes rotes Kleid getragen.,das Kleid
490,comparative,der Komparativ,masculine,noun,A2,10,„Schneller“ ist der Komparativ von „schnell“.,der Komparativ
491,subjunctive II (polite),der Konjunktiv II,masculine,noun,A2,10,Für höfliche Bitten nutzt man den Konjunktiv II.,der Konjunktiv II
492,short,kurz,null,adjective,A2,10,Der Weg zum Bahnhof ist sehr kurz.,kurz
493,long,lang,null,adjective,A2,10,Dieser Film ist mir zu lang.,lang
494,coat,der Mantel,masculine,noun,A2,10,"Es ist kalt, zieh deinen Mantel an.",der Mantel
495,opinion,die Meinung,feminine,noun,A2,10,Was ist deine Meinung dazu?,die Meinung
496,operation,die Operation,feminine,noun,A2,10,Die Operation verlief ohne Probleme.,die Operation
497,optimistic,optimistisch,null,adjective,A2,10,Trotz der Probleme blieb sie optimistisch.,optimistisch
498,to fit,passen,null,verb,A2,10,Die Schuhe passen mir nicht.,passen
499,pessimistic,pessimistisch,null,adjective,A2,10,Sei nicht so pessimistisch!,pessimistisch
500,to try (on),probieren,null,verb,A2,10,Kann ich dieses Hemd mal probieren?,probieren
501,pullover / jumper,der Pullover,masculine,noun,A2,10,Ich brauche einen warmen Pullover für den Winter.,der Pullover
502,discount,der Rabatt,masculine,noun,A2,10,Wir haben einen Rabatt auf die Schuhe bekommen.,der Rabatt
503,smoking ban,das Rauchverbot,neuter,noun,A2,10,In diesem Gebäude gibt es ein striktes Rauchverbot.,das Rauchverbot
504,to be right,recht haben,null,phrase,A2,10,"Du hast recht, wir sollten jetzt gehen.",recht haben
505,skirt,der Rock,masculine,noun,A2,10,Sie trägt heute einen neuen Rock.,der Rock
506,calm / quiet,ruhig,null,adjective,A2,10,Bitte sei ruhig!,ruhig
507,seamstress / tailor (female),die Schneiderin,feminine,noun,A2,10,Ich bringe mein Kleid zur Schneiderin zum Ändern.,die Schneiderin
508,cosmetic surgeon,der Schönheitschirurg,masculine,noun,A2,10,Der Schönheitschirurg ist sehr bekannt.,der Schönheitschirurg
509,cosmetic surgery,die Schönheitsoperation,feminine,noun,A2,10,Sie dachte über eine Schönheitsoperation im Gesicht nach.,die Schönheitsoperation
510,shoes,die Schuhe,feminine,noun,A2,10,Ich brauche neue Schuhe für den Winter.,die Schuhe
511,as ... as,so ... wie,null,phrase,A2,10,Er ist so schnell wie ein Blitz.,so ... wie
512,immediately / right away,sofort,null,adverb,A2,10,Bitte schick mir die E-Mail sofort.,sofort
513,special offer,das Sonderangebot,neuter,noun,A2,10,Dieses Sonderangebot ist sehr günstig.,das Sonderangebot
514,sporty / athletic,sportlich,null,adjective,A2,10,Sie ist sehr sportlich und fit.,sportlich
515,boots,die Stiefel,feminine,noun,A2,10,Ich brauche neue warme Stiefel für den Winter.,die Stiefel
516,voice,die Stimme,feminine,noun,A2,10,Sie hat eine sehr schöne Stimme.,die Stimme
517,superlative,der Superlativ,masculine,noun,A2,10,Der Superlativ ist die höchste Form.,der Superlativ
518,T-shirt,das T-Shirt,neuter,noun,A2,10,Ich trage oft ein T-Shirt im Sommer.,das T-Shirt
519,changing room / fitting room,die Umkleidekabine,feminine,noun,A2,10,Die Umkleidekabine ist dort drüben.,die Umkleidekabine
520,not dangerous / safe,ungefährlich,null,adjective,A2,10,Der kleine Hund ist völlig ungefährlich.,ungefährlich
521,unpleasant / unlikeable,unsympathisch,null,adjective,A2,10,Ihr neuer Chef ist mir leider unsympathisch.,unsympathisch
522,salesman,der Verkäufer,masculine,noun,A2,10,Der Verkäufer war sehr freundlich.,der Verkäufer
523,much → more → most,viel → mehr → am meisten,null,phrase,A2,10,"Ich habe viel Geld, aber er hat mehr.",viel → mehr → am meisten
524,wide / loose,weit,null,adjective,A2,10,Sie trägt eine weite Hose.,weit
525,too big / too small,zu groß / zu klein,null,phrase,A2,10,Das Hemd ist mir leider zu groß.,zu groß / zu klein
526,to depart,abfahren,null,verb,A2,11,Der Zug fährt pünktlich ab.,abfahren
527,to arrive,ankommen,null,verb,A2,11,Wann kommt der Bus an?,ankommen
528,"day trip, excursion",der Ausflug,masculine,noun,A2,11,Wir machten einen schönen Ausflug zum See.,der Ausflug
529,mountain,der Berg,masculine,noun,A2,11,Wir wanderten auf den Berg.,der Berg
530,"to visit, to sightsee",besichtigen,null,verb,A2,11,Wir wollen die Stadt besichtigen.,besichtigen
531,cloudy,bewölkt,null,adjective,A2,11,Heute ist der Himmel bewölkt.,bewölkt
532,flight,der Flug,masculine,noun,A2,11,Unser Flug nach Berlin startet um acht Uhr.,der Flug
533,to photograph,fotografieren,null,verb,A2,11,Ich habe gestern viele Fotos fotografiert.,fotografieren
534,to enjoy,genießen,null,verb,A2,11,Ich genieße die Sonne sehr.,genießen
535,thunderstorm,das Gewitter,neuter,noun,A2,11,Letzte Nacht gab es ein starkes Gewitter.,das Gewitter
536,hot,heiß,null,adjective,A2,11,Es war ein sehr heißer Sommer letztes Jahr.,heiß
537,hostel,das Hostel,neuter,noun,A2,11,Wir haben in einem günstigen Hostel übernachtet.,das Hostel
538,cold,kalt,null,adjective,A2,11,Mir ist heute sehr kalt.,kalt
539,camera,die Kamera,feminine,noun,A2,11,Hast du deine Kamera mitgebracht?,die Kamera
540,church,die Kirche,feminine,noun,A2,11,Wir haben am Sonntag die alte Kirche besucht.,die Kirche
541,last summer,letzten Sommer,null,phrase,A2,11,Letzten Sommer waren wir in Italien.,letzten Sommer
542,market,der Markt,masculine,noun,A2,11,Wir gehen jeden Samstag auf den Markt.,der Markt
543,fog,der Nebel,masculine,noun,A2,11,Heute Morgen gab es starken Nebel.,der Nebel
544,to pack,packen,null,verb,A2,11,Ich muss meinen Koffer packen.,packen
545,passport,der Pass,masculine,noun,A2,11,Haben Sie Ihren Pass dabei?,der Pass
546,postcard,die Postkarte,feminine,noun,A2,11,Ich schicke dir eine Postkarte aus dem Urlaub.,die Postkarte
547,rain,der Regen,masculine,noun,A2,11,Der Regen fällt seit Stunden.,der Regen
548,rainy,regnerisch,null,adjective,A2,11,Das Wetter war gestern sehr regnerisch.,regnerisch
549,to travel,reisen,null,verb,A2,11,Sie reisen oft in andere Länder.,reisen
550,reservation,die Reservierung,feminine,noun,A2,11,Haben Sie eine Reservierung auf meinen Namen?,die Reservierung
551,snow,der Schnee,masculine,noun,A2,11,Der Schnee bedeckt die ganze Landschaft.,der Schnee
552,to have nice weather,schönes Wetter haben,null,phrase,A2,11,Wir haben heute endlich schönes Wetter.,schönes Wetter haben
553,"sight, tourist attraction",die Sehenswürdigkeit,feminine,noun,A2,11,Berlin hat viele interessante Sehenswürdigkeiten.,die Sehenswürdigkeit
554,sunny,sonnig,null,adjective,A2,11,Heute ist es sehr sonnig.,sonnig
555,souvenir,das Souvenir,neuter,noun,A2,11,Ich möchte ein Souvenir für meine Mutter kaufen.,das Souvenir
556,stem (of a verb),der Stamm,masculine,noun,A2,11,Der Stamm ist der feste Teil eines Verbs.,der Stamm
557,taxi,das Taxi,neuter,noun,A2,11,Wir nehmen ein Taxi zum Flughafen.,das Taxi
558,ticket,das Ticket,neuter,noun,A2,11,Ich habe mein Ticket online gekauft.,das Ticket
559,tourist,der Tourist,masculine,noun,A2,11,Viele Touristen besuchen diese Stadt.,der Tourist
560,tourist information office,die Touristeninformation,feminine,noun,A2,11,Wir fragten in der Touristeninformation nach einem Stadtplan.,die Touristeninformation
561,to stay overnight,übernachten,null,verb,A2,11,Wir übernachteten in einem kleinen Hotel.,übernachten
562,irregular,unregelmäßig,null,adjective,A2,11,Ihre Arbeitszeiten sind unregelmäßig.,unregelmäßig
563,a year ago,vor einem Jahr,null,phrase,A2,11,Wir sind vor einem Jahr umgezogen.,vor einem Jahr
564,narrative past,die Vorvergangenheit,feminine,noun,A2,11,Die Vorvergangenheit ist eine Zeitform im Deutschen.,die Vorvergangenheit
565,forest,der Wald,masculine,noun,A2,11,Wir gehen oft im Wald spazieren.,der Wald
566,to hike,wandern,null,verb,A2,11,Wir wandern gern in den Bergen.,wandern
567,warm,warm,null,adjective,A2,11,Heute ist es draußen sehr warm.,warm
568,weather,das Wetter,neuter,noun,A2,11,Das Wetter wird morgen wahrscheinlich besser sein.,das Wetter
569,wind,der Wind,masculine,noun,A2,11,Der Wind weht heute stark.,der Wind
570,for the first time,zum ersten Mal,null,phrase,A2,11,Ich bin zum ersten Mal in Deutschland.,zum ersten Mal
571,allergy,die Allergie,feminine,noun,A2,12,Ich habe eine Allergie gegen Nüsse.,die Allergie
572,arm,der Arm,masculine,noun,A2,12,Mein Arm tut nach dem Sturz weh.,der Arm
573,aspirin,das Aspirin,neuter,noun,A2,12,Ich habe ein Aspirin gegen meine Kopfschmerzen genommen.,das Aspirin
574,sufficiently,ausreichend,null,adverb,A2,12,Du hast nicht ausreichend geschlafen.,ausreichend
575,"belly, stomach",der Bauch,masculine,noun,A2,12,Mein Bauch tut nach zu viel Essen weh.,der Bauch
576,leg,das Bein,neuter,noun,A2,12,Er hat sich bei einem Unfall das Bein gebrochen.,das Bein
577,please,Bitte,null,adverb,A2,12,Kannst du mir bitte helfen?,Bitte
578,"chest, breast",die Brust,feminine,noun,A2,12,Er hatte leichte Schmerzen in der Brust.,die Brust
579,"may, to be allowed to",dürfen,null,verb,A2,12,Dürfen wir hier parken?,dürfen
580,Get well!,Erhol dich!,null,phrase,A2,12,Du bist müde. Erhol dich gut!,Erhol dich!
581,fever,das Fieber,neuter,noun,A2,12,Ich hatte gestern hohes Fieber.,das Fieber
582,finger,der Finger,masculine,noun,A2,12,Er zeigte mit dem Finger auf die Karte.,der Finger
583,foot,der Fuß,masculine,noun,A2,12,Er spürte Schmerzen in seinem linken Fuß.,der Fuß
584,flu,die Grippe,feminine,noun,A2,12,Letzte Woche hatte ich die Grippe.,die Grippe
585,"neck, throat",der Hals,masculine,noun,A2,12,Mein Hals tut seit gestern weh.,der Hals
586,sore throat,Halsschmerzen (Pl.),null,noun,A2,12,Ich habe starke Halsschmerzen und Fieber.,Halsschmerzen (Pl.)
587,imperative (grammar),der Imperativ,masculine,noun,A2,12,Der Imperativ wird für Befehle benutzt.,der Imperativ
588,knee,das Knie,neuter,noun,A2,12,Mein rechtes Knie tut seit gestern weh.,das Knie
589,headache,der Kopfschmerz,masculine,noun,A2,12,Ich habe heute Morgen starke Kopfschmerzen.,der Kopfschmerz
590,"sick, ill",krank,null,adjective,A2,12,Ich bin leider krank und kann nicht kommen.,krank
591,health insurance,die Krankenkasse,feminine,noun,A2,12,Ich muss meine Krankenkasse kontaktieren.,die Krankenkasse
592,health insurance,die Krankenversicherung,feminine,noun,A2,12,Jeder braucht eine gute Krankenversicherung.,die Krankenversicherung
593,mouth,der Mund,masculine,noun,A2,12,"Mach deinen Mund auf, bitte.",der Mund
594,nose,die Nase,feminine,noun,A2,12,Er hat eine kleine Nase.,die Nase
595,ear,das Ohr,neuter,noun,A2,12,Er hat sich sein linkes Ohr beim Sport verletzt.,das Ohr
596,patient (male),der Patient,masculine,noun,A2,12,Der Patient wartet im Wartezimmer.,der Patient
597,patient (female),die Patientin,feminine,noun,A2,12,Die Patientin wartet schon lange auf den Arzt.,die Patientin
598,advice,der Rat,masculine,noun,A2,12,Dein Rat war sehr hilfreich für mich.,der Rat
599,reflexive pronoun,das Reflexivpronomen,neuter,noun,A2,12,Heute üben wir die deutschen Reflexivpronomen im Akkusativ.,das Reflexivpronomen
600,back,der Rücken,masculine,noun,A2,12,Mein Rücken tut mir weh vom Sport.,der Rücken
601,Get some rest!,Ruh dich aus!,null,phrase,A2,12,Du siehst müde aus. Ruh dich aus!,Ruh dich aus!
602,to rest,ruhen,null,verb,A2,12,Du solltest dich nach der Arbeit ruhen.,ruhen
603,to swallow,schlucken,null,verb,A2,12,Bitte schlucke die Tablette mit Wasser.,schlucken
604,to have pain,Schmerzen haben,null,phrase,A2,12,Ich habe starke Schmerzen im Rücken.,Schmerzen haben
605,shoulder,die Schulter,feminine,noun,A2,12,Sie hat Schmerzen in der rechten Schulter.,die Schulter
606,"to rest, to relax",sich ausruhen,null,verb,A2,12,Ich muss mich nach der Wanderung ausruhen.,sich ausruhen
607,"to move, to exercise",sich bewegen,null,verb,A2,12,Wir sollten uns jeden Tag bewegen.,sich bewegen
608,to recover,sich erholen,null,verb,A2,12,Er muss sich von der Krankheit erholen.,sich erholen
609,to catch a cold,sich erkälten,null,verb,A2,12,Ich will mich nicht erkälten.,sich erkälten
610,"to eat, to nourish oneself",sich ernähren,null,verb,A2,12,Man sollte sich gesund ernähren.,sich ernähren
611,to feel,sich fühlen,null,verb,A2,12,Wie fühlst du dich heute?,sich fühlen
612,to worry,sich Sorgen machen,null,phrase,A2,12,"Mach dir keine Sorgen, alles wird gut!",sich Sorgen machen
613,"should, ought to",sollen,null,verb,A2,12,Wir sollen jetzt wirklich gehen.,sollen
614,consultation hours,die Sprechstunde,feminine,noun,A2,12,Die Ärztin hat heute Nachmittag Sprechstunde.,die Sprechstunde
615,symptom,das Symptom,neuter,noun,A2,12,Husten ist ein häufiges Symptom einer Erkältung.,das Symptom
616,daily,täglich,null,adverb,A2,12,Sie liest täglich die Nachrichten.,täglich
617,appointment,der Termin,masculine,noun,A2,12,Ich habe heute einen wichtigen Termin.,der Termin
618,to examine,untersuchen,null,verb,A2,12,Der Arzt untersuchte den jungen Patienten.,untersuchen
619,to hurt,wehtun,null,verb,A2,12,Mein Kopf tut mir weh.,wehtun
620,when / whenever,wenn,null,conjunction,A2,12,"Wenn ich Zeit habe, lese ich.",wenn
621,most of all / best of all,am liebsten,null,adverb,A2,13,Ich trinke am liebsten Kaffee.,am liebsten
622,"at, on (vertical)",an,null,preposition,A2,13,Das Bild hängt an der Wand.,an
623,apartment,das Apartment,neuter,noun,A2,13,Wir haben ein kleines Apartment in der Stadt gemietet.,das Apartment
624,on (horizontal),auf,null,preposition,A2,13,Die Katze schläft auf dem Sofa.,auf
625,bathroom,das Badezimmer,neuter,noun,A2,13,Das Badezimmer war nach der Party schmutzig.,das Badezimmer
626,to build,bauen,null,verb,A2,13,Sie bauen ein neues Haus hier.,bauen
627,floor,der Boden,masculine,noun,A2,13,Der Boden ist sehr sauber.,der Boden
628,bookshelf,das Bücherregal,neuter,noun,A2,13,Wir haben ein neues Bücherregal gekauft.,das Bücherregal
629,dark,dunkel,null,adjective,A2,13,Es wird schnell dunkel am Abend.,dunkel
630,to move in,einziehen,null,verb,A2,13,Wir wollen bald in die neue Wohnung einziehen.,einziehen
631,colour / paint,die Farbe,feminine,noun,A2,13,Welche Farbe hat dein neues Auto?,die Farbe
632,finished / ready,fertig,null,adjective,A2,13,Bist du schon mit der Arbeit fertig?,fertig
633,hallway,der Flur,masculine,noun,A2,13,Hängen Sie Ihren Mantel im Flur auf.,der Flur
634,dish / meal,das Gericht,neuter,noun,A2,13,"Dieses Gericht schmeckt sehr gut, was ist das?",das Gericht
635,cheap / good value,günstig,null,adjective,A2,13,Das neue Auto war sehr günstig.,günstig
636,craftsman / tradesman,der Handwerker,masculine,noun,A2,13,Der Handwerker hat unsere Küche repariert.,der Handwerker
637,to hang,hängen,null,verb,A2,13,Die Jacke hängt im Schrank.,hängen
638,main course,das Hauptgericht,neuter,noun,A2,13,Als Hauptgericht wähle ich den Fisch mit Reis.,das Hauptgericht
639,bright / light,hell,null,adjective,A2,13,Das Zimmer ist sehr hell und freundlich.,hell
640,behind,hinter,null,preposition,A2,13,Das Auto steht hinter dem Haus.,hinter
641,ideal,ideal,null,adjective,A2,13,Das Wetter ist ideal für einen Spaziergang.,ideal
642,"in, into",in,null,preposition,A2,13,Wir leben in einer kleinen Stadt.,in
643,broken,kaputt,null,adjective,A2,13,Mein Handy ist leider kaputt.,kaputt
644,waiter,der Kellner,masculine,noun,A2,13,Der Kellner bringt uns bald das Essen.,der Kellner
645,waitress,die Kellnerin,feminine,noun,A2,13,Die Kellnerin brachte uns das Essen.,die Kellnerin
646,cushion / pillow,das Kissen,neuter,noun,A2,13,Ich brauche ein weiches Kissen für meinen Nacken.,das Kissen
647,kitchen,die Küche,feminine,noun,A2,13,Wir haben in der Küche zu Abend gegessen.,die Küche
648,lamp,die Lampe,feminine,noun,A2,13,Kannst du bitte die Lampe anmachen?,die Lampe
649,"to lay, to put (flat)",legen,null,verb,A2,13,Sie legt das Buch auf den Tisch.,legen
650,rather / preferably,lieber,null,adverb,A2,13,Ich trinke lieber Kaffee als Tee.,lieber
651,painter (decorator),der Maler,masculine,noun,A2,13,Der Maler streicht unser Wohnzimmer nächste Woche.,der Maler
652,rent,die Miete,feminine,noun,A2,13,Die Miete für die Wohnung ist teuer.,die Miete
653,furniture,die Möbel,feminine,noun,A2,13,Wir haben neue Möbel für das Schlafzimmer gekauft.,die Möbel
654,modern,modern,null,adjective,A2,13,Unsere neue Wohnung ist sehr modern.,modern
655,dessert,die Nachspeise,feminine,noun,A2,13,Als Nachspeise gab es Eis mit Früchten.,die Nachspeise
656,next to,neben,null,preposition,A2,13,Er sitzt neben seiner Freundin.,neben
657,parquet (flooring),das Parkett,neuter,noun,A2,13,"Unser Wohnzimmer hat schönes, glänzendes Parkett.",das Parkett
658,square metre,der Quadratmeter (m²),masculine,noun,A2,13,Die Wohnung ist 70 Quadratmeter groß.,der Quadratmeter (m²)
659,bill,die Rechnung,feminine,noun,A2,13,Können wir bitte die Rechnung für das Essen haben?,die Rechnung
660,shelf / bookcase,das Regal,neuter,noun,A2,13,Ich habe die Bücher ins Regal gestellt.,das Regal
661,to renovate,renovieren,null,verb,A2,13,Wir müssen die Küche bald renovieren.,renovieren
662,renovation,die Renovierung,feminine,noun,A2,13,Die Renovierung unserer Küche beginnt nächste Woche.,die Renovierung
663,to repair,reparieren,null,verb,A2,13,Kannst du bitte mein Fahrrad reparieren?,reparieren
664,restaurant,das Restaurant,neuter,noun,A2,13,Wir gehen heute Abend in ein italienisches Restaurant.,das Restaurant
665,bedroom,das Schlafzimmer,neuter,noun,A2,13,"Unser Schlafzimmer ist klein, aber sehr gemütlich.",das Schlafzimmer
666,wardrobe / cupboard,der Schrank,masculine,noun,A2,13,Der Schrank ist voll mit Kleidung.,der Schrank
667,armchair,der Sessel,masculine,noun,A2,13,Ich sitze gern im bequemen Sessel.,der Sessel
668,sofa,das Sofa,neuter,noun,A2,13,Mein Hund schläft immer auf dem Sofa.,das Sofa
669,menu,die Speisekarte,feminine,noun,A2,13,Könnten wir bitte die Speisekarte haben?,die Speisekarte
670,to paint (walls),streichen,null,verb,A2,13,Wir haben die Wand weiß gestrichen.,streichen
671,studio (flat),das Studio,neuter,noun,A2,13,Ich miete ein kleines Studio in der Stadt.,das Studio
672,rug / carpet,der Teppich,masculine,noun,A2,13,Der neue Teppich ist sehr weich.,der Teppich
673,expensive,teuer,null,adjective,A2,13,Das Auto war zu teuer.,teuer
674,"over, above",über,null,preposition,A2,13,Ein Vogel fliegt über dem Wald.,über
675,to move (house),umziehen,null,verb,A2,13,Wir wollen nächsten Monat umziehen.,umziehen
676,under,unter,null,preposition,A2,13,Die Katze liegt unter dem Stuhl.,unter
677,landlord,der Vermieter,masculine,noun,A2,13,Unser Vermieter ist sehr nett.,der Vermieter
678,landlady,die Vermieterin,feminine,noun,A2,13,Wir haben mit der Vermieterin über die Miete gesprochen.,die Vermieterin
679,in front of,vor,null,preposition,A2,13,Das Auto steht vor dem Haus.,vor
680,starter,die Vorspeise,feminine,noun,A2,13,Was möchten Sie als Vorspeise bestellen?,die Vorspeise
681,wall,die Wand,feminine,noun,A2,13,Die Wand in meinem Zimmer ist blau gestrichen.,die Wand
682,to become,werden,null,verb,A2,13,Er möchte Arzt werden.,werden
683,flat / apartment,die Wohnung,feminine,noun,A2,13,Meine neue Wohnung hat drei Zimmer.,die Wohnung
684,living room,das Wohnzimmer,neuter,noun,A2,13,Wir haben im Wohnzimmer einen Film gesehen.,das Wohnzimmer
685,wish,der Wunsch,masculine,noun,A2,13,Ich habe einen Wunsch zum Geburtstag.,der Wunsch
686,room,das Zimmer,neuter,noun,A2,13,"Mein Zimmer ist klein, aber hell.",das Zimmer
687,between,zwischen,null,preposition,A2,13,Der Park liegt zwischen zwei Straßen.,zwischen
688,school-leaving exam (D),das Abitur,neuter,noun,A2,14,Sie hat letztes Jahr ihr Abitur bestanden.,das Abitur
689,"graduation, degree",der Abschluss,masculine,noun,A2,14,Er feierte letzte Woche seinen Abschluss.,der Abschluss
690,than (in comparisons),als,null,conjunction,A2,14,Er ist größer als sein Bruder.,als
691,if I were you,an deiner Stelle,null,phrase,A2,14,An deiner Stelle würde ich sofort zum Arzt gehen.,an deiner Stelle
692,in your position (formal),an Ihrer Stelle,null,phrase,A2,14,An Ihrer Stelle würde ich den Vertrag sorgfältig prüfen.,an Ihrer Stelle
693,doctor (male),der Arzt,masculine,noun,A2,14,Ich habe heute einen Termin beim Arzt.,der Arzt
694,doctor (female),die Ärztin,feminine,noun,A2,14,Meine Ärztin hat mir gut geholfen.,die Ärztin
695,astronaut (male),der Astronaut,masculine,noun,A2,14,Er wollte immer ein Astronaut sein.,der Astronaut
696,vocational training,die Ausbildung,feminine,noun,A2,14,Sie macht gerade eine Ausbildung zur Mechanikerin.,die Ausbildung
697,"profession, job",der Beruf,masculine,noun,A2,14,Was haben Sie für einen Beruf?,der Beruf
698,vocational school,die Berufsschule,feminine,noun,A2,14,Ich besuche zweimal pro Woche die Berufsschule.,die Berufsschule
699,job application,die Bewerbung,feminine,noun,A2,14,Ich habe meine Bewerbung letzte Woche abgeschickt.,die Bewerbung
700,"therefore, that's why",deshalb,null,conjunction,A2,14,"Es regnet, deshalb bleiben wir drinnen.",deshalb
701,"mission, operation, deployment",der Einsatz,masculine,noun,A2,14,Die Polizei hatte einen schwierigen Einsatz.,der Einsatz
702,fire,das Feuer,neuter,noun,A2,14,Bitte mach das Feuer im Garten aus!,das Feuer
703,firefighter (female),die Feuerwehrfrau,feminine,noun,A2,14,Die Feuerwehrfrau löschte das Feuer schnell.,die Feuerwehrfrau
704,firefighter (male),der Feuerwehrmann,masculine,noun,A2,14,Ein mutiger Feuerwehrmann rettete die Katze.,der Feuerwehrmann
705,danger,die Gefahr,feminine,noun,A2,14,"Es besteht keine Gefahr, der Weg ist sicher.",die Gefahr
706,"contrast, opposite",der Gegensatz,masculine,noun,A2,14,Im Gegensatz zu mir mag er Sport.,der Gegensatz
707,primary school,die Grundschule,feminine,noun,A2,14,Meine Tochter geht jetzt in die Grundschule.,die Grundschule
708,academic secondary school,das Gymnasium,neuter,noun,A2,14,Meine Tochter geht auf das Gymnasium.,das Gymnasium
709,lower secondary school (D),die Hauptschule,feminine,noun,A2,14,Mein Bruder ging nach der Grundschule auf die Hauptschule.,die Hauptschule
710,"in (temporal, with dative)",in + Dativ (zeitlich),null,preposition,A2,14,Ich bin in zwei Stunden wieder da.,in + Dativ (zeitlich)
711,in one year,in einem Jahr,null,phrase,A2,14,In einem Jahr ziehen wir um.,in einem Jahr
712,in two weeks,in zwei Wochen,null,phrase,A2,14,Meine Prüfung ist in zwei Wochen.,in zwei Wochen
713,"every, each",jeder / jedes / jede,null,adjective,A2,14,Jeder Gast bekommt ein Getränk.,jeder / jedes / jede
714,physical,körperlich,null,adjective,A2,14,Er war körperlich sehr fit und stark.,körperlich
715,"CV, résumé",der Lebenslauf,masculine,noun,A2,14,Bitte schicken Sie Ihren Lebenslauf per E-Mail.,der Lebenslauf
716,to extinguish,löschen,null,verb,A2,14,Die Feuerwehr löschte den Brand schnell.,löschen
717,school-leaving exam (A/CH),die Matura,feminine,noun,A2,14,Er hat die Matura letztes Jahr bestanden.,die Matura
718,disadvantage,der Nachteil,masculine,noun,A2,14,Der Nachteil ist der hohe Preis.,der Nachteil
719,"although, even though",obwohl,null,conjunction,A2,14,"Obwohl es spät war, las ich weiter.",obwohl
720,pilot (male),der Pilot,masculine,noun,A2,14,Mein Bruder ist ein erfahrener Pilot.,der Pilot
721,pilot (female),die Pilotin,feminine,noun,A2,14,Die Pilotin flog das Flugzeug sicher zum Ziel.,die Pilotin
722,police officer (male),der Polizist,masculine,noun,A2,14,Ein Polizist hat mir den Weg gezeigt.,der Polizist
723,police officer (female),die Polizistin,feminine,noun,A2,14,Die Polizistin half uns bei dem Unfall.,die Polizistin
724,"psychological, mental",psychisch,null,adjective,A2,14,Sie hatte psychische Probleme.,psychisch
725,"career change, lateral entry",der Quereinstieg,masculine,noun,A2,14,Ein Quereinstieg kann neue Möglichkeiten bieten.,der Quereinstieg
726,piece of advice,der Ratschlag,masculine,noun,A2,14,Er gab mir einen wichtigen Ratschlag.,der Ratschlag
727,intermediate secondary school,die Realschule,feminine,noun,A2,14,Meine Schwester besuchte die Realschule in der Stadt.,die Realschule
728,"to save, to rescue",retten,null,verb,A2,14,Die Feuerwehr konnte die Katze retten.,retten
729,risky,riskant,null,adjective,A2,14,Der Plan war sehr riskant.,riskant
730,to apply (for a job),sich bewerben,null,verb,A2,14,Ich möchte mich für diese Stelle bewerben.,sich bewerben
731,"exciting, thrilling",spannend,null,adjective,A2,14,Der Film war sehr spannend.,spannend
732,stress,der Stress,masculine,noun,A2,14,Ich habe viel Stress bei der Arbeit.,der Stress
733,university studies,das Studium,neuter,noun,A2,14,Mein Studium in Berlin war sehr interessant.,das Studium
734,dream job,der Traumberuf,masculine,noun,A2,14,Mein Traumberuf ist Pilot.,der Traumberuf
735,"nevertheless, still, anyway",trotzdem,null,adverb,A2,14,"Es regnete, trotzdem gingen wir spazieren.",trotzdem
736,"to consider, to think about",überlegen,null,verb,A2,14,Ich werde es mir gut überlegen.,überlegen
737,around,um ... herum,null,phrase,A2,14,Wir saßen um den Tisch herum.,um ... herum
738,university,die Universität,feminine,noun,A2,14,Sie studiert an der Universität in Berlin.,die Universität
739,advantage,der Vorteil,masculine,noun,A2,14,Was sind die Vorteile davon?,der Vorteil
740,"to change, to switch",wechseln,null,verb,A2,14,Wir müssen das Thema wechseln.,wechseln
741,government office,das Amt,neuter,noun,A2,15,Ich hatte gestern einen Termin beim Amt.,das Amt
742,exchange,der Austausch,masculine,noun,A2,15,Wir nahmen an einem Schüleraustausch teil.,der Austausch
743,ID card,der Ausweis,masculine,noun,A2,15,Haben Sie Ihren Ausweis dabei?,der Ausweis
744,relationship,die Beziehung,feminine,noun,A2,15,Ihre Beziehung ist sehr glücklich und stark.,die Beziehung
745,blind date,das Blind Date,neuter,noun,A2,15,Meine Schwester hatte gestern Abend ein Blind Date.,das Blind Date
746,charm,der Charme,masculine,noun,A2,15,Er hat einen besonderen Charme.,der Charme
747,dating show,die Dating-Show,feminine,noun,A2,15,Er schaut jede Woche eine Dating-Show im Fernsehen.,die Dating-Show
748,honest,ehrlich,null,adjective,A2,15,Er ist ein sehr ehrlicher Mensch.,ehrlich
749,honesty,die Ehrlichkeit,feminine,noun,A2,15,Ehrlichkeit ist sehr wichtig in Freundschaften.,die Ehrlichkeit
750,"characteristic, quality",die Eigenschaft,feminine,noun,A2,15,Ihre Ehrlichkeit ist eine wichtige Eigenschaft.,die Eigenschaft
751,residents' registration office,das Einwohnermeldeamt,neuter,noun,A2,15,Ich muss zum Einwohnermeldeamt gehen.,das Einwohnermeldeamt
752,form (document),das Formular,neuter,noun,A2,15,Bitte füllen Sie das Formular vollständig aus.,das Formular
753,"free time, leisure",die Freizeit,feminine,noun,A2,15,Was machst du gern in deiner Freizeit?,die Freizeit
754,fresh,frisch,null,adjective,A2,15,"Der Fisch muss frisch sein, sonst kaufe ich ihn nicht.",frisch
755,patience,die Geduld,feminine,noun,A2,15,"Man braucht viel Geduld, um eine neue Sprache zu lernen.",die Geduld
756,patient,geduldig,null,adjective,A2,15,Meine Lehrerin ist immer sehr geduldig.,geduldig
757,stressed,gestresst,null,adjective,A2,15,Er war letzte Woche sehr gestresst von der Arbeit.,gestresst
758,hobby,das Hobby,neuter,noun,A2,15,"Mein Hobby ist es, Bücher zu lesen.",das Hobby
759,humour,der Humor,masculine,noun,A2,15,Sie hat einen großartigen Sinn für Humor.,der Humor
760,boring,langweilig,null,adjective,A2,15,Das Meeting war wirklich langweilig.,langweilig
761,funny,lustig,null,adjective,A2,15,Der Witz war wirklich sehr lustig.,lustig
762,native speaker,der Muttersprachler,masculine,noun,A2,15,Ein Muttersprachler kann dir gut helfen.,der Muttersprachler
763,"nice, kind",nett,null,adjective,A2,15,Sie ist eine sehr nette Kollegin.,nett
764,"curious, inquisitive",neugierig,null,adjective,A2,15,Kinder sind oft sehr neugierig.,neugierig
765,"open, open-minded",offen,null,adjective,A2,15,Ich bin offen für neue Ideen.,offen
766,personality,die Persönlichkeit,feminine,noun,A2,15,Sie hat eine starke Persönlichkeit.,die Persönlichkeit
767,profile,das Profil,neuter,noun,A2,15,Ich muss mein Online-Profil auf der Webseite aktualisieren.,das Profil
768,romantic,romantisch,null,adjective,A2,15,Wir hatten einen romantischen Abend.,romantisch
769,queue / snake,die Schlange,feminine,noun,A2,15,Es gab eine lange Schlange vor dem Kino.,die Schlange
770,to register,sich anmelden,null,verb,A2,15,Wir müssen uns für den Kurs anmelden.,sich anmelden
771,to hurry,sich beeilen,null,verb,A2,15,"Beeil dich, sonst verpassen wir den Zug!",sich beeilen
772,to complain,sich beschweren,null,verb,A2,15,Der Gast beschwert sich über das Essen.,sich beschweren
773,to shower,sich duschen,null,verb,A2,15,Ich dusche mich jeden Morgen.,sich duschen
774,to relax,sich entspannen,null,verb,A2,15,Ich möchte mich am Wochenende entspannen.,sich entspannen
775,to comb (hair),sich kämmen,null,verb,A2,15,Sie kämmt sich jeden Morgen die Haare.,sich kämmen
776,to get to know each other,sich kennenlernen,null,verb,A2,15,Wir wollen uns besser kennenlernen.,sich kennenlernen
777,to sit down,sich setzen,null,verb,A2,15,Bitte setzen Sie sich hierher.,sich setzen
778,to meet up,sich treffen,null,verb,A2,15,Wir treffen uns um acht Uhr.,sich treffen
779,to fall in love with,sich verlieben,null,verb,A2,15,Sie hat sich in ihn verliebt.,sich verlieben
780,to get along,sich verstehen,null,verb,A2,15,Sie verstehen sich sehr gut.,sich verstehen
781,to introduce oneself,sich vorstellen,null,verb,A2,15,Darf ich mich vorstellen?,sich vorstellen
782,to feel comfortable,sich wohlfühlen,null,verb,A2,15,Ich fühle mich hier sehr wohl.,sich wohlfühlen
783,to wish for,sich wünschen,null,verb,A2,15,Was wünschst du dir zum Geburtstag?,sich wünschen
784,language,die Sprache,feminine,noun,A2,15,Ich lerne Deutsch als Fremdsprache.,die Sprache
785,likeable / pleasant,sympathisch,null,adjective,A2,15,Dein Kollege ist sehr sympathisch.,sympathisch
786,language exchange partner,das Tandem,neuter,noun,A2,15,Wir bilden ein Tandem für den Sprachaustausch.,das Tandem
787,impatient,ungeduldig,null,adjective,A2,15,"Warte bitte, sei nicht ungeduldig.",ungeduldig
788,queue number,die Wartenummer,feminine,noun,A2,15,Wir haben eine Wartenummer gezogen.,die Wartenummer
789,reliable,zuverlässig,null,adjective,A2,15,Mein altes Auto ist immer noch sehr zuverlässig.,zuverlässig
790,in the evenings,abends,null,adverb,A2,16,Abends sehe ich oft fern.,abends
791,balcony,der Balkon,masculine,noun,A2,16,Wir frühstückten auf dem Balkon.,der Balkon
792,mountains,die Berge,feminine,noun,A2,16,Wir fahren am Wochenende in die Berge.,die Berge
793,to describe,beschreiben,null,verb,A2,16,Kannst du den Weg gut beschreiben?,beschreiben
794,width,die Breite,feminine,noun,A2,16,Die Breite des Tisches beträgt 80 Zentimeter.,die Breite
795,to book,buchen,null,verb,A2,16,Wir müssen das Hotel buchen.,buchen
796,camping,das Camping,neuter,noun,A2,16,Letzten Sommer waren wir oft beim Camping.,das Camping
797,campsite,der Campingplatz,masculine,noun,A2,16,Wir haben einen schönen Platz auf dem Campingplatz gebucht.,der Campingplatz
798,of the father / of the mother,des Vaters / der Mutter,null,phrase,A2,16,Das neue Auto des Vaters steht vor dem Haus.,des Vaters / der Mutter
799,double room,das Doppelzimmer,neuter,noun,A2,16,Wir möchten bitte ein Doppelzimmer für zwei Nächte.,das Doppelzimmer
800,single room,das Einzelzimmer,neuter,noun,A2,16,Ich habe ein Einzelzimmer im Hotel gebucht.,das Einzelzimmer
801,"memory, souvenir",die Erinnerung,feminine,noun,A2,16,Ich habe viele schöne Erinnerungen an meine Kindheit.,die Erinnerung
802,breakfast,das Frühstück,neuter,noun,A2,16,Wir haben ein leckeres Frühstück zusammen gegessen.,das Frühstück
803,lost property office,das Fundbüro,neuter,noun,A2,16,Ich habe meinen Schlüssel im Fundbüro abgegeben.,das Fundbüro
804,genitive case,der Genitiv,masculine,noun,A2,16,Im Deutschen ist der Genitiv oft schwierig.,der Genitiv
805,here (motion toward speaker),her,null,adverb,A2,16,Bring bitte die Bücher zu mir her.,her
806,to come from,herkommen,null,verb,A2,16,Wo kommt dein Freund her?,herkommen
807,there (away from speaker),hin,null,adverb,A2,16,Gehen wir zum Park hin?,hin
808,to put down,hinlegen,null,verb,A2,16,Bitte leg das Buch dort hin.,hinlegen
809,height,die Höhe,feminine,noun,A2,16,Die Höhe des Berges ist beeindruckend.,die Höhe
810,hotel,das Hotel,neuter,noun,A2,16,Ich buche immer ein Hotel mit Frühstück.,das Hotel
811,"inclusive, included",inklusive,null,adjective,A2,16,Der Preis ist inklusive Frühstück.,inklusive
812,island,die Insel,feminine,noun,A2,16,Wir haben unseren Urlaub auf einer schönen Insel verbracht.,die Insel
813,youth hostel,die Jugendherberge,feminine,noun,A2,16,Wir übernachteten in einer Jugendherberge in München.,die Jugendherberge
814,childhood,die Kindheit,feminine,noun,A2,16,Meine Kindheit war sehr glücklich und schön.,die Kindheit
815,suitcase,der Koffer,masculine,noun,A2,16,Hast du deinen Koffer schon gepackt?,der Koffer
816,coast,die Küste,feminine,noun,A2,16,Letzten Sommer waren wir an der Nordsee-Küste.,die Küste
817,length,die Länge,feminine,noun,A2,16,Was ist die Länge dieses Tisches?,die Länge
818,sea,das Meer,neuter,noun,A2,16,Wir fahren diesen Sommer ans Meer in Italien.,das Meer
819,to measure,messen,null,verb,A2,16,Wir müssen die Raumtemperatur messen.,messen
820,on Mondays,montags,null,adverb,A2,16,Montags gehe ich immer ins Fitnessstudio.,montags
821,in the mornings,morgens,null,adverb,A2,16,Morgens trinkt sie gern einen großen Kaffee.,morgens
822,"wallet, purse",das Portemonnaie,neuter,noun,A2,16,Ich habe mein Portemonnaie im Café vergessen.,das Portemonnaie
823,umbrella,der Regenschirm,masculine,noun,A2,16,"Nimm deinen Regenschirm mit, es regnet.",der Regenschirm
824,"trip, journey",die Reise,feminine,noun,A2,16,Wir planen eine Reise nach Italien im Sommer.,die Reise
825,record,das Rekord,neuter,noun,A2,16,Der Athlet hat einen neuen Weltrekord aufgestellt.,das Rekord
826,relative clause,der Relativsatz,masculine,noun,A2,16,Wir lernen heute den Relativsatz in der Grammatik.,der Relativsatz
827,backpack,der Rucksack,masculine,noun,A2,16,Dein Rucksack ist sehr schwer.,der Rucksack
828,lake,der See,masculine,noun,A2,16,Wir fahren am Wochenende zum See.,der See
829,sunglasses,die Sonnenbrille,feminine,noun,A2,16,Wo ist meine Sonnenbrille geblieben?,die Sonnenbrille
830,beach,der Strand,masculine,noun,A2,16,Wir waren gestern am Strand.,der Strand
831,overnight stay,die Übernachtung,feminine,noun,A2,16,Eine Übernachtung im Hotel ist teuer.,die Übernachtung
832,accommodation,die Unterkunft,feminine,noun,A2,16,Wir suchen noch eine günstige Unterkunft.,die Unterkunft
833,unforgettable,unvergesslich,null,adjective,A2,16,Dieser Urlaub war einfach unvergesslich.,unvergesslich
834,"vacation, holiday",der Urlaub,masculine,noun,A2,16,Wir wollen bald Urlaub machen.,der Urlaub
835,to spend (time),verbringen,null,verb,A2,16,Wir verbrachten das Wochenende zu Hause.,verbringen
836,to lose,verlieren,null,verb,A2,16,Ich habe meine Schlüssel leider verloren.,verlieren
837,world record,der Weltrekord,masculine,noun,A2,16,Er hat den Weltrekord gebrochen.,der Weltrekord
838,tent,das Zelt,neuter,noun,A2,16,Wir haben das Zelt im Garten aufgebaut.,das Zelt
839,to write down,aufschreiben,null,verb,A2,17,Schreib bitte deine Adresse auf.,aufschreiben
840,impressive,beeindruckend,null,adjective,A2,17,Seine Präsentation war wirklich beeindruckend.,beeindruckend
841,cache (hidden object),der Cache,masculine,noun,A2,17,Wir haben den Cache im Wald gefunden.,der Cache
842,for that / for what,dafür / wofür,null,adverb,A2,17,Ich habe viel Geld dafür bezahlt.,dafür / wofür
843,about that / about what,darüber / worüber,null,adverb,A2,17,Wir haben lange darüber gesprochen.,darüber / worüber
844,of/from that / of/from what,davon / wovon,null,adverb,A2,17,Er hat viel davon erzählt.,davon / wovon
845,"to agree, be in agreement",einverstanden sein,null,phrase,A2,17,Ich bin mit deinem Vorschlag einverstanden.,einverstanden sein
846,festival,das Festival,neuter,noun,A2,17,Gehst du dieses Jahr zum Musikfestival?,das Festival
847,flash mob,der Flash Mob,masculine,noun,A2,17,Wir haben einen Flash Mob in der Stadt gesehen.,der Flash Mob
848,geocaching,das Geocaching,neuter,noun,A2,17,Am Wochenende gehen wir Geocaching im Wald machen.,das Geocaching
849,interesting,interessant,null,adjective,A2,17,"Das Buch, das ich lese, ist sehr interessant.",interessant
850,flashcard,die Karteikarte,feminine,noun,A2,17,Ich lerne Vokabeln mit Karteikarten.,die Karteikarte
851,no problem,kein Problem,null,phrase,A2,17,"Kannst du mir helfen? Ja, kein Problem!",kein Problem
852,cinema,das Kino,neuter,noun,A2,17,Wir gehen heute Abend ins Kino.,das Kino
853,"to work out, to go as planned",klappen,null,verb,A2,17,Hoffentlich klappt unser Plan.,klappen
854,concert,das Konzert,neuter,noun,A2,17,Wir gehen am Samstag zu einem Konzert.,das Konzert
855,culture,die Kultur,feminine,noun,A2,17,Ich möchte mehr über die deutsche Kultur lernen.,die Kultur
856,cultural,kulturell,null,adjective,A2,17,Berlin ist eine sehr kulturell vielfältige Stadt.,kulturell
857,art,die Kunst,feminine,noun,A2,17,Ich finde moderne Kunst sehr interessant.,die Kunst
858,unfortunately,leider,null,adverb,A2,17,Leider kann ich heute nicht kommen.,leider
859,to participate,mitmachen,null,verb,A2,17,Willst du bei uns mitmachen?,mitmachen
860,museum,das Museum,neuter,noun,A2,17,Am Wochenende besuchen wir ein interessantes Museum.,das Museum
861,music,die Musik,feminine,noun,A2,17,Ich höre gern klassische Musik.,die Musik
862,to think about,nachdenken,null,verb,A2,17,Ich muss über dein Angebot nachdenken.,nachdenken
863,public,öffentlich,null,adjective,A2,17,Das ist ein öffentliches Gebäude.,öffentlich
864,to organize,organisieren,null,verb,A2,17,Wir müssen die Party gut organisieren.,organisieren
865,regular,regelmäßig,null,adjective,A2,17,Wir treffen uns regelmäßig am Mittwoch.,regelmäßig
866,to be enthusiastic about,sich begeistern,null,verb,A2,17,Sie begeistern sich sehr für Musik.,sich begeistern
867,to look forward to,sich freuen auf,null,verb,A2,17,Ich freue mich auf den Urlaub.,sich freuen auf
868,to be happy about,sich freuen über,null,verb,A2,17,Er freut sich über das Geschenk.,sich freuen über
869,to be interested in,sich interessieren,null,verb,A2,17,Ich interessiere mich für Geschichte.,sich interessieren
870,to arrange to meet,sich verabreden,null,verb,A2,17,Wir müssen uns bald verabreden.,sich verabreden
871,language learning app,das Sprachlernapp,neuter,noun,A2,17,Das Sprachlernapp hilft mir sehr.,das Sprachlernapp
872,strategy,die Strategie,feminine,noun,A2,17,Wir müssen eine neue Strategie entwickeln.,die Strategie
873,theatre,das Theater,neuter,noun,A2,17,Gehen wir heute Abend ins Theater?,das Theater
874,"tip, piece of advice",der Tipp,masculine,noun,A2,17,Kannst du mir einen Tipp geben?,der Tipp
875,to dream of,träumen,null,verb,A2,17,Ich träume oft vom Fliegen.,träumen
876,meeting point,der Treffpunkt,masculine,noun,A2,17,Der Treffpunkt ist am Bahnhof.,der Treffpunkt
877,"date, appointment (informal)",die Verabredung,feminine,noun,A2,17,Ich habe heute Abend eine Verabredung mit einem Freund.,die Verabredung
878,vocabulary word,die Vokabel,feminine,noun,A2,17,Ich lerne jeden Tag zehn neue Vokabeln.,die Vokabel
879,"to intend, to plan",vorhaben,null,verb,A2,17,Was hast du heute noch vor?,vorhaben
880,"suggestion, proposal",der Vorschlag,masculine,noun,A2,17,Wie findest du meinen Vorschlag?,der Vorschlag
881,to suggest,vorschlagen,null,verb,A2,17,Ich schlage einen Spaziergang im Park vor.,vorschlagen
882,to repeat,wiederholen,null,verb,A2,17,Können Sie das bitte wiederholen?,wiederholen
883,aggressive,aggressiv,null,adjective,A2,18,Der Hund ist manchmal aggressiv.,aggressiv
884,traffic light,die Ampel,feminine,noun,A2,18,"Die Ampel war rot, also musste ich warten.",die Ampel
885,pharmacy,die Apotheke,feminine,noun,A2,18,"Ich muss zur Apotheke gehen, um Medikamente zu kaufen.",die Apotheke
886,"annoyance, anger",der Ärger,masculine,noun,A2,18,Es gab viel Ärger wegen der Verspätung.,der Ärger
887,"to annoy, to anger",ärgern,null,verb,A2,18,"Es hat mich geärgert, dass er zu spät kam.",ärgern
888,exciting,aufregend,null,adjective,A2,18,Der Film war sehr aufregend.,aufregend
889,"endurance, stamina",die Ausdauer,feminine,noun,A2,18,Für den Marathon braucht man viel Ausdauer.,die Ausdauer
890,car driver (male),der Autofahrer,masculine,noun,A2,18,Der Autofahrer hielt an der Ampel.,der Autofahrer
891,car driver (female),die Autofahrerin,feminine,noun,A2,18,Die Autofahrerin parkte ihr Auto schnell ein.,die Autofahrerin
892,to brake,bremsen,null,verb,A2,18,Der Fahrer musste plötzlich bremsen.,bremsen
893,dosage,die Dosierung,feminine,noun,A2,18,Die richtige Dosierung ist wichtig für das Medikament.,die Dosierung
894,one (of them),einer,null,phrase,A2,18,Einer meiner Freunde kommt heute Abend bei mir vorbei.,einer
895,invitation,die Einladung,feminine,noun,A2,18,Ich habe eine Einladung zur Hochzeit bekommen.,die Einladung
896,to recommend,empfehlen,null,verb,A2,18,Wir können dieses Restaurant sehr empfehlen.,empfehlen
897,to relax,entspannen,null,verb,A2,18,Ich möchte mich am Wochenende entspannen.,entspannen
898,"inflammation, infection",die Entzündung,feminine,noun,A2,18,"Die Ärztin sagte, ich habe eine Entzündung.",die Entzündung
899,cold (illness),die Erkältung,feminine,noun,A2,18,"Ich kann heute nicht kommen, ich habe eine Erkältung.",die Erkältung
900,to explain,erklären,null,verb,A2,18,Er hat mir die Regeln erklärt.,erklären
901,explanation,die Erklärung,feminine,noun,A2,18,Kannst du mir bitte eine Erklärung geben?,die Erklärung
902,extreme sport,das Extremsport,neuter,noun,A2,18,"Das Extremsport ist gefährlich, aber spannend.",das Extremsport
903,driver (male),der Fahrer,masculine,noun,A2,18,Der Fahrer hat uns sicher nach Hause gebracht.,der Fahrer
904,driver (female),die Fahrerin,feminine,noun,A2,18,Die Fahrerin hielt das Auto sofort an.,die Fahrerin
905,bicycle,das Fahrrad,neuter,noun,A2,18,Mein neues Fahrrad ist rot.,das Fahrrad
906,"fit, in shape",fit,null,adjective,A2,18,Ich muss wieder fit werden für den Marathon.,fit
907,"gym, fitness studio",das Fitnessstudio,neuter,noun,A2,18,Wir gehen dreimal pro Woche ins Fitnessstudio.,das Fitnessstudio
908,pedestrian (male),der Fußgänger,masculine,noun,A2,18,Der Fußgänger überquerte die Straße vorsichtig.,der Fußgänger
909,dangerous,gefährlich,null,adjective,A2,18,Diese Situation ist sehr gefährlich für uns.,gefährlich
910,"pavement, sidewalk",der Gehweg,masculine,noun,A2,18,Gehen Sie bitte auf dem Gehweg.,der Gehweg
911,healthy,gesund,null,adjective,A2,18,"Es ist wichtig, gesund zu essen.",gesund
912,health,die Gesundheit,feminine,noun,A2,18,Meine Gesundheit ist mir sehr wichtig.,die Gesundheit
913,"action, plot",die Handlung,feminine,noun,A2,18,Die Handlung des Buches war sehr spannend.,die Handlung
914,helmet,der Helm,masculine,noun,A2,18,Er trägt immer einen Helm beim Fahrradfahren.,der Helm
915,"to honk, to beep",hupen,null,verb,A2,18,Das Auto hat laut gehupt.,hupen
916,cough syrup,der Hustensaft,masculine,noun,A2,18,Ich muss Hustensaft in der Apotheke kaufen.,der Hustensaft
917,"none, no one",keiner,null,phrase,A2,18,Keiner von uns hat die Antwort gewusst.,keiner
918,to climb,klettern,null,verb,A2,18,Die Kinder klettern auf Bäume.,klettern
919,climbing (as activity noun),das Klettern,neuter,noun,A2,18,Das Klettern macht mir viel Spaß.,das Klettern
920,"intersection, crossroads",die Kreuzung,feminine,noun,A2,18,Biegen Sie bitte an der nächsten Kreuzung links ab.,die Kreuzung
921,teacher (female),die Lehrerin,feminine,noun,A2,18,Unsere neue Lehrerin ist sehr nett.,die Lehrerin
922,to lend,leihen,null,verb,A2,18,Kannst du mir dein Fahrrad leihen?,leihen
923,"medication, medicine",das Medikament,neuter,noun,A2,18,Sie muss dieses Medikament dreimal täglich nehmen.,das Medikament
924,mine,meiner,null,phrase,A2,18,"Ist das dein Regenschirm? Nein, das ist meiner.",meiner
925,courage,der Mut,masculine,noun,A2,18,"Er hatte den Mut, die Wahrheit zu sagen.",der Mut
926,"brave, courageous",mutig,null,adjective,A2,18,Das war eine sehr mutige Entscheidung von dir.,mutig
927,"plaster, band-aid",das Pflaster,neuter,noun,A2,18,Sie klebte schnell ein Pflaster auf ihre Wunde.,das Pflaster
928,suddenly,plötzlich,null,adverb,A2,18,Plötzlich wurde es sehr dunkel.,plötzlich
929,cyclist (male),der Radfahrer,masculine,noun,A2,18,Der Radfahrer trägt immer einen Helm.,der Radfahrer
930,cyclist (female),die Radfahrerin,feminine,noun,A2,18,Die Radfahrerin trug einen Helm auf dem Kopf.,die Radfahrerin
931,prescription,das Rezept,neuter,noun,A2,18,Der Arzt hat mir ein Rezept für Schmerzmittel gegeben.,das Rezept
932,prescription-only,rezeptpflichtig,null,adjective,A2,18,Dieses Medikament ist rezeptpflichtig.,rezeptpflichtig
933,risk,das Risiko,neuter,noun,A2,18,"Er geht kein Risiko ein, er ist sehr vorsichtig.",das Risiko
934,"ointment, cream",die Salbe,feminine,noun,A2,18,Ich muss diese Salbe auf meine Wunde auftragen.,die Salbe
935,to be annoyed about,sich ärgern,null,verb,A2,18,Sie ärgert sich über den Lärm.,sich ärgern
936,situation,die Situation,feminine,noun,A2,18,Die Situation ist gerade etwas schwierig.,die Situation
937,skydiving,das Skydiving,neuter,noun,A2,18,Das Skydiving ist mein größter Traum.,das Skydiving
938,sport,der Sport,masculine,noun,A2,18,Ich mache gern Sport am Morgen.,der Sport
939,athlete (male),der Sportler,masculine,noun,A2,18,Der Sportler trainiert jeden Tag hart.,der Sportler
940,athlete (female),die Sportlerin,feminine,noun,A2,18,Sie ist eine sehr erfolgreiche Sportlerin.,die Sportlerin
941,traffic jam,der Stau,masculine,noun,A2,18,Ich stehe im Stau auf der Autobahn.,der Stau
942,surfing (as activity noun),das Surfen,neuter,noun,A2,18,Das Surfen im Internet macht ihm Spaß.,das Surfen
943,"tablet, pill",die Tablette,feminine,noun,A2,18,Ich muss jeden Tag eine Tablette nehmen.,die Tablette
944,"to train, to exercise",trainieren,null,verb,A2,18,Ich trainiere dreimal pro Woche im Fitnessstudio.,trainieren
945,to overtake,überholen,null,verb,A2,18,Das Auto hat den LKW schnell überholt.,überholen
946,"exercise, practice",die Übung,feminine,noun,A2,18,Diese Übung ist sehr gut für Anfänger.,die Übung
947,unhealthy,ungesund,null,adjective,A2,18,Fast Food ist oft sehr ungesund.,ungesund
948,"examination, investigation",die Untersuchung,feminine,noun,A2,18,Der Arzt hat eine gründliche Untersuchung gemacht.,die Untersuchung
949,injury,die Verletzung,feminine,noun,A2,18,Er hat sich eine leichte Verletzung beim Sport zugezogen.,die Verletzung
950,to prescribe,verschreiben,null,verb,A2,18,Der Arzt verschrieb die nötigen Medikamente.,verschreiben
951,vitamin,das Vitamin,neuter,noun,A2,18,Obst enthält viele wichtige Vitamine.,das Vitamin
952,word formation,die Wortbildung,feminine,noun,A2,18,Wortbildung ist ein wichtiger Teil der Grammatik.,die Wortbildung
953,to wish,wünschen,null,verb,A2,18,Ich wünsche dir einen schönen Tag.,wünschen
954,old,alt,null,adjective,A1,,Das Haus ist sehr alt.,alt
955,offered,angeboten,masculine,verb,A1,,Er hat mir seine Hilfe angeboten.,angeboten
956,stop,anhalten,null,verb,A2,,Der Bus hält hier an.,anhalten
957,turn on,anmachen,null,verb,A2,,Mach bitte das Licht an.,anmachen
958,look at / regard,ansehen,null,verb,A2,,Ich sehe mir den Film an.,ansehen
959,to answer,antworten,null,verb,A1,,Bitte antworten Sie auf die Frage.,antworten
960,workplace,der Arbeitsplatz,masculine,noun,A2,,Mein Arbeitsplatz ist sehr ruhig.,der Arbeitsplatz
961,exit,der Ausgang,masculine,noun,A1,,Wo ist der Ausgang?,der Ausgang
962,spend / issue,ausgeben,null,verb,A2,,Wir geben zu viel Geld aus.,ausgeben
963,go out / assume / run out,ausgehen,null,verb,A2,,Wir gehen heute Abend aus.,ausgehen
964,except,ausgenommen,masculine,verb,A1,,"Alle waren eingeladen, ihn ausgenommen.",ausgenommen
965,pronunciation,die Aussprache,feminine,noun,A2,,Ihre Aussprache ist sehr gut.,die Aussprache
966,take off / move out,ausziehen,null,verb,A2,,Ich ziehe die Jacke aus.,ausziehen
967,car,das Auto,neuter,noun,A1,,Ich habe ein neues Auto.,das Auto
968,to mean,bedeuten,null,verb,A1,,Was bedeutet dieses Wort auf Deutsch?,bedeuten
969,to begin,beginnen,null,verb,A1,,Der Unterricht beginnt um neun Uhr.,beginnen
970,to bite,beißen,null,verb,A2,,Der Hund beißt nicht.,beißen
971,known / familiar,bekannt,null,adjective,A2,,Der Sänger ist sehr bekannt.,bekannt
972,to visit,besuchen,null,verb,A1,,Wir besuchen unsere Freunde am Wochenende.,besuchen
973,to pay,bezahlen,null,verb,A1,,Ich bezahle die Rechnung an der Kasse.,bezahlen
974,to offer,bieten,null,verb,A2,,Ich biete dir 50 Euro dafür.,bieten
975,"to ask, request",bitten,null,verb,A1,,Ich bitte dich um Hilfe.,bitten
976,to blow,blasen,null,verb,A2,,Der Wind bläst stark.,blasen
977,flower,die Blume,feminine,noun,A1,,Ich kaufe eine schöne Blume.,die Blume
978,"to roast, fry",braten,null,verb,A2,,Ich brate Hähnchen.,braten
979,to break,brechen,null,verb,A2,,Du sollst das nicht brechen.,brechen
980,to burn,brennen,null,verb,A1,,Das Holz brennt gut.,brennen
981,to bring,bringen,null,verb,A1,,Kannst du mir bitte ein Glas Wasser bringen?,bringen
982,to think,denken,null,verb,A1,,"Ich denke, das ist eine gute Idee.",denken
983,you (informal),du,null,pronoun,A1,,"Wie geht es dir, du?",du
984,thirsty,durstig,null,adjective,A1,,Ich bin jetzt sehr durstig.,durstig
985,entrance,der Eingang,masculine,noun,A1,,Der Eingang ist links.,der Eingang
986,shopping / purchase,der Einkauf,masculine,noun,A2,,Ich mache den Einkauf für die Woche.,der Einkauf
987,income,das Einkommen,neuter,noun,A2,,Sein Einkommen ist niedrig.,das Einkommen
988,to excuse/apologize,entschuldigen,null,verb,A1,,Ich entschuldige mich.,entschuldigen
989,he,er,null,pronoun,A1,,Er ist mein bester Freund.,er
990,to recognize,erkennen,null,verb,A2,,Ich habe ihn sofort erkannt.,erkennen
991,to allow,erlauben,null,verb,A2,,Meine Eltern erlauben mir das nicht.,erlauben
992,to reach,erreichen,null,verb,A2,,Ich habe ihn telefonisch nicht erreicht.,erreichen
993,to expect,erwarten,null,verb,A2,,Ich erwarte einen Anruf von ihr.,erwarten
994,to tell/narrate,erzählen,null,verb,A1,,Ich erzähle eine Geschichte.,erzählen
995,ticket,die Fahrkarte,feminine,noun,A1,,Ich kaufe eine Fahrkarte.,die Fahrkarte
996,timetable,der Fahrplan,masculine,noun,A2,,Der Fahrplan hängt am Bahnhof.,der Fahrplan
997,trip,die Fahrt,feminine,noun,A1,,Die Fahrt dauert zwei Stunden.,die Fahrt
998,vehicle,das Fahrzeug,neuter,noun,A2,,Das Fahrzeug ist sehr alt.,das Fahrzeug
999,to fall,fallen,null,verb,A1,,Das Glas fällt herunter.,fallen
1000,to catch,fangen,null,verb,A2,,Ich fange den Ball.,fangen
1001,"thanks, thank you",danke,null,phrase,A1,,Danke für deine Hilfe!,danke
1002,bye,tschüss,null,phrase,A1,,"Tschüss, bis morgen!",tschüss
1003,"maybe, perhaps",vielleicht,null,adverb,A1,,Vielleicht komme ich später.,vielleicht
1004,"of course, naturally",natürlich,null,adverb,A2,,Natürlich helfe ich dir.,natürlich
1005,once; softens a request,mal,null,adverb,A2,,Komm mal her!,mal
