Sentence,English,Item,Notes
lo hice [por] ti,I did it because of you.,cause-purpose,"ti: what tú becomes after a preposition, and the pair with para ti needs it"
estudio [para] aprender,I study in order to learn.,cause-purpose,
lo hice [para] ti,I did it for your benefit.,cause-purpose,"ti: what tú becomes after a preposition, and the pair with por ti needs it"
gracias [por] la comida,Thank you for the food.,cause-purpose,"Thanks are always por: the food is why you are grateful, not what you are grateful in order to get"
[por] eso no vine,That's why I didn't come.,cause-purpose,"eso: the neuter of ese, which the deck has"
trabajo [para] vivir,I work in order to live.,cause-purpose,
estudio [por] la noche,I study at night.,duration-deadline,
lo necesito [para] mañana,I need it by tomorrow.,duration-deadline,
tengo que terminar [para] el fin de semana,I have to finish by the weekend.,duration-deadline,
lo pensé [por] un momento,I thought about it for a moment.,duration-deadline,
trabajo [por] la mañana,I work in the mornings.,duration-deadline,
llego [para] la cena,I'll be there in time for dinner.,duration-deadline,
caminamos [por] la ciudad,We walked around the city.,through-towards,
salgo [para] el hospital,I'm leaving for the hospital.,through-towards,
vamos [para] casa,We're heading home.,through-towards,
el tren pasa [por] el pueblo,The train goes through the town.,through-towards,
caminaba [por] la calle,I was walking down the street.,through-towards,
el tren sale [para] el norte,The train leaves for the north.,through-towards,
lo vendí [por] poco dinero,I sold it for very little money.,exchange-recipient,
este libro es [para] mi hermano,This book is for my brother.,exchange-recipient,
hay una carta [para] ti,There's a letter for you.,exchange-recipient,"ti: what tú becomes after a preposition"
te doy mi libro [por] el tuyo,I'll give you my book in exchange for yours.,exchange-recipient,
pago mucho [por] esta casa,I pay a lot for this house.,exchange-recipient,
compré comida [para] mi madre,I bought my mother some food.,exchange-recipient,
trabajo cinco días [por] semana,I work five days a week.,per,
llamo a mi madre dos veces [por] semana,I call my mother twice a week.,per,"veces: the plural of vez, which the checker cannot see through the z becoming c"
nos vemos una vez [por] mes,We see each other once a month.,per,
hablamos [por] teléfono,We talked on the phone.,means,
lo escuché [por] la radio,I heard it on the radio.,means,
lo supe [por] mi hermano,I found out through my brother.,means,
