Sentence,Infinitive,Tense,Person,Person shift,Notes
[tengo] mucho trabajo,tener,present,1s,yes,
mis padres [tienen] una casa grande,tener,present,3p,,
[hacemos] la comida,hacer,present,1p,yes,
ella [hace] la cena,hacer,present,3s,,
no [puedo] dormir,poder,present,1s,yes,
ellos no [pueden] entrar,poder,present,3p,,
[dices] la verdad,decir,present,2s,yes,
mi hermano [dice] que no,decir,present,3s,,
[vamos] al mercado,ir,present,1p,yes,
[voy] a la ciudad,ir,present,1s,yes,
[estoy] muy enfermo,estar,present,1s,,
los niños [están] en la escuela,estar,present,3p,,
[quieres] ayudar,querer,present,2s,yes,
ella [quiere] salir,querer,present,3s,,
[tienes] mucho tiempo,tener,present,2s,yes,
[tenemos] un problema,tener,present,1p,yes,
[hago] la cama,hacer,present,1s,yes,
[hacen] el trabajo,hacer,present,3p,yes,
[podemos] ir,poder,present,1p,yes,
[puedes] venir,poder,present,2s,yes,
[digo] que sí,decir,present,1s,yes,
[dicen] muchas cosas,decir,present,3p,yes,
[van] a la escuela,ir,present,3p,yes,
[quiero] comer,querer,present,1s,yes,
[queremos] trabajar,querer,present,1p,yes,
[estamos] en casa,estar,present,1p,yes,
[estoy] aquí,estar,present,1s,yes,
[estás] en el trabajo,estar,present,2s,yes,
